Datum;Location;Jaar;Maand;Dag;L00;L0;L1;L2;M1;M2;AM;AV;Totaal;Totaal_Larven.All;Totaal_Larven.CPUE;Totaal_Fuiken;CPUE;n
2016-04-27;Arendonk 2;2016;4;27;NA;294;3;NA;NA;NA;NA;NA;297;297;297;2;148.5;1
2016-05-11;Arendonk 1;2016;5;11;NA;7;NA;NA;NA;NA;NA;NA;7;7;7;1;7;1
2016-05-11;Arendonk 2;2016;5;11;92;423;7;5;NA;NA;NA;NA;527;527;435;3;145;1
2016-05-11;Kasterlee 13;2016;5;11;NA;NA;NA;NA;NA;NA;NA;NA;NA;NA;0;1;0;1
2016-05-11;Kasterlee 3;2016;5;11;NA;NA;NA;NA;NA;NA;NA;NA;NA;NA;0;2;0;1
2016-05-11;Kasterlee 7;2016;5;11;NA;NA;NA;NA;NA;NA;NA;NA;NA;NA;0;2;0;1
2016-05-12;Arendonk 1;2016;5;12;NA;32;NA;NA;NA;NA;NA;NA;32;32;32;1;32;1
2016-05-12;Arendonk 2;2016;5;12;29;269;4;1;NA;NA;NA;NA;303;303;274;4;68.5;1
2016-05-12;Kasterlee 12;2016;5;12;NA;NA;NA;NA;NA;NA;NA;NA;NA;NA;0;1;0;1
2016-05-12;Kasterlee 14;2016;5;12;NA;NA;NA;NA;NA;NA;NA;NA;NA;NA;0;2;0;1
2016-05-12;Kasterlee 2;2016;5;12;NA;NA;NA;NA;NA;NA;NA;NA;NA;NA;0;1;0;1
2016-05-13;Arendonk 2;2016;5;13;138;484;11;10;NA;NA;NA;NA;643;643;505;4;126.25;1
2016-05-13;Kasterlee 14;2016;5;13;NA;NA;NA;NA;NA;NA;NA;NA;NA;NA;0;2;0;1
2016-05-18;Driehoek;2016;5;18;NA;NA;NA;NA;NA;NA;NA;NA;NA;NA;0;4;0;1
2016-05-19;Bospoel;2016;5;19;NA;NA;NA;NA;NA;NA;NA;NA;NA;NA;0;2;0;1
2016-06-08;Arendonk 1;2016;6;8;2;137;NA;NA;NA;NA;NA;NA;139;139;137;3;45.666666666666664;1
2016-06-08;Kasterlee 1;2016;6;8;NA;NA;NA;NA;NA;NA;NA;NA;NA;NA;0;1;0;1
2016-06-08;Kasterlee 9;2016;6;8;NA;NA;NA;NA;NA;NA;NA;NA;NA;NA;0;2;0;1
2016-06-09;Arendonk 1;2016;6;9;NA;123;NA;NA;NA;NA;NA;NA;123;123;123;3;41;1
2016-06-09;Arendonk 2;2016;6;9;151;118;10;NA;NA;NA;NA;NA;279;279;128;4;32;1
2016-06-09;Kasterlee 3;2016;6;9;NA;NA;NA;NA;NA;NA;NA;NA;NA;NA;0;3;0;1
2016-06-10;Arendonk 1;2016;6;10;NA;50;NA;NA;NA;NA;1;1;52;50;50;3;16.666666666666668;1
2016-06-10;Arendonk 2;2016;6;10;286;114;8;NA;NA;NA;NA;NA;408;408;122;4;30.5;1
2016-06-10;Kasterlee 7;2016;6;10;NA;NA;NA;NA;NA;NA;NA;NA;NA;NA;0;3;0;1
2016-07-13;Arendonk 4;2016;7;13;NA;NA;NA;NA;NA;NA;NA;NA;NA;NA;0;2;0;1
2016-07-13;Kasterlee 1;2016;7;13;NA;NA;NA;NA;NA;NA;NA;NA;NA;NA;0;1;0;1
2016-07-13;Kasterlee 12;2016;7;13;NA;NA;NA;NA;NA;NA;NA;NA;NA;NA;0;1;0;1
2016-07-13;Kasterlee 13;2016;7;13;NA;NA;NA;NA;NA;NA;NA;NA;NA;NA;0;1;0;1
2016-07-13;Kasterlee 14;2016;7;13;NA;NA;NA;NA;NA;NA;NA;NA;NA;NA;0;1;0;1
2016-07-13;Kasterlee 3;2016;7;13;NA;NA;NA;NA;NA;NA;NA;NA;NA;NA;0;1;0;1
2016-07-13;Kasterlee 7;2016;7;13;NA;NA;NA;NA;NA;NA;NA;NA;NA;NA;0;1;0;1
2016-07-13;Kasterlee 9;2016;7;13;NA;NA;NA;NA;NA;NA;NA;NA;NA;NA;0;1;0;1
2016-07-15;Bospoel;2016;7;15;NA;NA;NA;NA;NA;NA;NA;NA;NA;NA;0;1;0;1
2016-07-15;Driehoek;2016;7;15;NA;NA;NA;NA;NA;NA;NA;NA;NA;NA;0;1;0;1
2016-07-15;Rechthoekigevijver 1;2016;7;15;NA;NA;NA;NA;NA;NA;NA;NA;NA;NA;0;1;0;1
2016-07-15;Rechthoekigevijver 2;2016;7;15;NA;NA;NA;NA;NA;NA;NA;NA;NA;NA;0;1;0;1
2016-07-27;Arendonk 1;2016;7;27;NA;NA;128;NA;1;NA;NA;NA;129;128;128;4;32;1
2016-07-27;Arendonk 2;2016;7;27;NA;681;966;537;15;NA;NA;NA;2199;2184;2184;6;364;1
2016-07-28;Arendonk 1;2016;7;28;NA;1;12;7;1;NA;NA;1;22;20;20;4;5;1
2016-07-28;Arendonk 2;2016;7;28;NA;110;94;226;11;NA;NA;NA;441;430;430;6;71.66666666666667;1
2016-07-29;Arendonk 1;2016;7;29;NA;NA;2;NA;1;NA;NA;NA;3;2;2;4;0.5;1
2016-07-29;Arendonk 2;2016;7;29;1;155;86;253;32;NA;NA;NA;527;495;494;6;82.33333333333333;1
2016-08-10;Arendonk 2;2016;8;10;NA;3;21;132;1;NA;NA;NA;157;156;156;6;26;1
2016-08-10;Arendonk 3;2016;8;10;NA;NA;NA;NA;NA;NA;NA;NA;NA;NA;0;4;0;1
2016-08-10;Kasterlee 12;2016;8;10;NA;NA;NA;NA;NA;NA;NA;NA;NA;NA;0;1;0;1
2016-08-10;Kasterlee 13;2016;8;10;NA;NA;NA;NA;NA;NA;NA;NA;NA;NA;0;1;0;1
2016-08-11;Arendonk 1;2016;8;11;NA;NA;NA;4;NA;NA;NA;NA;4;4;4;4;1;1
2016-08-11;Arendonk 2;2016;8;11;NA;10;37;88;5;NA;NA;NA;140;135;135;6;22.5;1
2016-08-11;Kasterlee 1;2016;8;11;NA;NA;NA;NA;NA;NA;NA;NA;NA;NA;0;1;0;1
2016-08-11;Kasterlee 3;2016;8;11;NA;NA;NA;NA;NA;NA;NA;NA;NA;NA;0;1;0;1
2016-08-12;Arendonk 2;2016;8;12;NA;7;4;31;4;NA;NA;NA;46;42;42;6;7;1
2016-08-12;Kasterlee 2;2016;8;12;NA;NA;NA;NA;NA;NA;NA;NA;NA;NA;0;1;0;1
2016-08-12;Kasterlee 7;2016;8;12;NA;NA;NA;NA;NA;NA;NA;NA;NA;NA;0;1;0;1
2016-08-17;Bospoel;2016;8;17;NA;NA;NA;NA;NA;NA;NA;NA;NA;NA;0;1;0;1
2016-08-17;Driehoek;2016;8;17;NA;NA;NA;NA;NA;NA;NA;NA;NA;NA;0;1;0;1
2016-08-17;Kasterlee 14;2016;8;17;NA;NA;NA;NA;NA;NA;NA;NA;NA;NA;0;1;0;1
2016-08-17;Kasterlee 9;2016;8;17;NA;NA;NA;NA;NA;NA;NA;NA;NA;NA;0;1;0;1
2016-08-17;Natuurpuntpoel;2016;8;17;NA;NA;NA;NA;NA;NA;NA;NA;NA;NA;0;1;0;1
2016-08-17;Rechthoekigevijver 1;2016;8;17;5;NA;NA;NA;NA;NA;NA;NA;5;5;0;1;0;1
2016-08-17;Rechthoekigevijver 2;2016;8;17;NA;NA;NA;NA;NA;NA;NA;NA;NA;NA;0;1;0;1
2016-08-18;Rechthoekigevijver 1;2016;8;18;6;NA;NA;NA;NA;NA;NA;NA;6;6;0;4;0;1
2016-09-21;Arendonk 1;2016;9;21;NA;NA;NA;NA;NA;NA;NA;NA;NA;NA;0;2;0;1
2016-09-21;Arendonk 2;2016;9;21;NA;1;1;4;NA;NA;NA;NA;6;6;6;6;1;1
2016-09-21;Kasterlee 13;2016;9;21;NA;NA;NA;NA;NA;NA;NA;NA;NA;NA;0;1;0;1
2016-09-21;Kasterlee 14;2016;9;21;NA;NA;NA;NA;NA;NA;NA;NA;NA;NA;0;1;0;1
2016-09-21;Kasterlee 9;2016;9;21;NA;NA;NA;NA;NA;NA;NA;NA;NA;NA;0;1;0;1
2016-09-22;Arendonk 2;2016;9;22;NA;NA;1;4;NA;NA;NA;NA;5;5;5;6;0.8333333333333334;1
2016-09-23;Arendonk 2;2016;9;23;NA;NA;NA;5;NA;NA;NA;NA;5;5;5;6;0.8333333333333334;1
2016-09-23;Kasterlee 1;2016;9;23;NA;NA;NA;NA;NA;NA;NA;NA;NA;NA;0;1;0;1
2016-09-23;Kasterlee 2;2016;9;23;NA;NA;NA;NA;NA;NA;NA;NA;NA;NA;0;1;0;1
2016-09-23;Kasterlee 3;2016;9;23;NA;NA;NA;NA;NA;NA;NA;NA;NA;NA;0;1;0;1
2016-09-23;Kasterlee 7;2016;9;23;NA;NA;NA;NA;NA;NA;NA;NA;NA;NA;0;1;0;1
2016-10-19;Nijlen B3b;2016;10;19;NA;NA;NA;NA;NA;NA;NA;NA;NA;NA;0;1;0;1
2016-10-19;Nijlen B9;2016;10;19;NA;NA;NA;NA;NA;NA;NA;NA;NA;NA;0;1;0;1
2016-10-20;Nijlen B12;2016;10;20;NA;NA;NA;NA;NA;NA;NA;NA;NA;NA;0;1;0;1
2016-10-20;Nijlen B14;2016;10;20;NA;NA;NA;NA;NA;NA;NA;NA;NA;NA;0;2;0;1
2016-10-20;Nijlen B3a;2016;10;20;NA;NA;NA;NA;NA;NA;NA;NA;NA;NA;0;1;0;1
2016-10-21;Nijlen B13;2016;10;21;NA;NA;NA;NA;NA;NA;NA;NA;NA;NA;0;1;0;1
2016-10-21;Nijlen B4;2016;10;21;NA;NA;NA;NA;NA;NA;NA;NA;NA;NA;0;1;0;1
2016-10-21;Nijlen B5;2016;10;21;NA;NA;NA;NA;NA;NA;NA;1;1;NA;0;1;0;1
2016-10-21;Nijlen B6;2016;10;21;NA;NA;NA;NA;NA;NA;NA;NA;NA;NA;0;1;0;1
2016-10-21;Nijlen B7;2016;10;21;NA;NA;NA;NA;NA;NA;NA;NA;NA;NA;0;1;0;1
2016-10-26;Kasterlee 1;2016;10;26;NA;NA;NA;NA;NA;NA;NA;NA;NA;NA;0;1;0;1
2016-10-26;Kasterlee 12;2016;10;26;NA;NA;NA;NA;NA;NA;NA;NA;NA;NA;0;1;0;1
2016-10-26;Kasterlee 13;2016;10;26;NA;NA;NA;NA;NA;NA;NA;NA;NA;NA;0;1;0;1
2016-10-27;Arendonk 1;2016;10;27;NA;NA;NA;NA;NA;NA;NA;NA;NA;NA;0;1;0;1
2016-10-27;Arendonk 2;2016;10;27;NA;NA;NA;NA;NA;NA;NA;NA;NA;NA;0;2;0;1
2016-10-27;Kasterlee 14;2016;10;27;NA;NA;NA;NA;NA;NA;NA;NA;NA;NA;0;1;0;1
2016-10-27;Kasterlee 2;2016;10;27;NA;NA;NA;NA;NA;NA;NA;1;1;NA;0;1;0;1
2016-10-27;Kasterlee 3;2016;10;27;NA;NA;NA;NA;NA;NA;NA;NA;NA;NA;0;1;0;1
2016-10-27;Kasterlee 7;2016;10;27;NA;NA;NA;NA;NA;NA;NA;NA;NA;NA;0;1;0;1
2016-10-27;Kasterlee 9;2016;10;27;NA;NA;NA;NA;NA;NA;NA;NA;NA;NA;0;1;0;1
2016-10-28;Arendonk 2b;2016;10;28;NA;NA;NA;NA;NA;NA;NA;NA;NA;NA;0;1;0;1
2016-10-28;Arendonk 3;2016;10;28;2;NA;NA;NA;NA;NA;NA;NA;2;2;0;1;0;1
2016-10-28;Arendonk 4;2016;10;28;NA;NA;NA;NA;NA;NA;NA;NA;NA;NA;0;1;0;1
2016-10-28;Bospoel;2016;10;28;NA;NA;NA;NA;NA;NA;NA;NA;NA;NA;0;1;0;1
2016-10-28;Kasterlee 14;2016;10;28;NA;NA;NA;NA;NA;NA;NA;NA;NA;NA;0;1;0;1
2016-10-28;Kasterlee 2;2016;10;28;NA;NA;NA;NA;NA;NA;NA;1;1;NA;0;1;0;1
2016-10-28;Kasterlee 3;2016;10;28;NA;NA;NA;NA;NA;NA;NA;NA;NA;NA;0;1;0;1
2016-10-28;Kasterlee 7;2016;10;28;NA;NA;NA;NA;NA;NA;NA;NA;NA;NA;0;1;0;1
2016-10-28;Kasterlee 9;2016;10;28;NA;NA;NA;NA;NA;NA;NA;NA;NA;NA;0;1;0;1
2016-10-28;Markmeander;2016;10;28;NA;NA;NA;NA;NA;NA;NA;NA;NA;NA;0;1;0;1
2016-10-28;Rechthoekigevijver 1;2016;10;28;NA;NA;NA;NA;NA;NA;NA;NA;NA;NA;0;1;0;1
2016-10-28;Rechthoekigevijver 2;2016;10;28;NA;NA;NA;NA;NA;NA;NA;NA;NA;NA;0;1;0;1
2017-04-19;Bospoel;2017;4;19;NA;NA;NA;NA;NA;NA;NA;NA;NA;NA;0;2;0;1
2017-04-19;Driehoek;2017;4;19;NA;NA;NA;NA;NA;NA;NA;NA;NA;NA;0;2;0;1
2017-04-25;Banaan;2017;4;25;NA;NA;NA;NA;NA;NA;NA;NA;NA;NA;0;2;0;1
2017-04-25;Natuurpuntpoel;2017;4;25;NA;NA;NA;NA;NA;NA;NA;NA;NA;NA;0;1;0;1
2017-04-25;Rechthoekigevijver 1;2017;4;25;NA;NA;NA;NA;NA;NA;NA;NA;NA;NA;0;1;0;1
2017-04-25;Rechthoekigevijver 2;2017;4;25;NA;NA;NA;NA;NA;NA;NA;NA;NA;NA;0;1;0;1
2017-04-26;Arendonk 2;2017;4;26;NA;NA;1;NA;NA;NA;NA;NA;1;1;1;2;0.5;1
2017-04-26;Arendonk 3;2017;4;26;NA;NA;NA;NA;NA;NA;NA;NA;NA;NA;0;2;0;1
2017-04-26;Kasterlee 2;2017;4;26;NA;NA;NA;NA;NA;NA;NA;NA;NA;NA;0;2;0;1
2017-04-26;Kasterlee 7;2017;4;26;NA;NA;NA;NA;NA;NA;NA;NA;NA;NA;0;2;0;1
2017-04-28;Scheps 8;2017;4;28;NA;NA;7;NA;NA;NA;NA;NA;7;7;7;2;3.5;1
2017-04-28;Scheps 9;2017;4;28;NA;NA;NA;NA;NA;NA;NA;NA;NA;NA;0;2;0;1
2017-05-10;Nijlen C15;2017;5;10;NA;NA;NA;NA;NA;NA;NA;NA;NA;NA;0;1;0;1
2017-05-10;Nijlen C16;2017;5;10;NA;NA;NA;NA;NA;NA;NA;NA;NA;NA;0;1;0;1
2017-05-10;Nijlen C3;2017;5;10;NA;NA;NA;NA;NA;NA;NA;NA;NA;NA;0;1;0;1
2017-05-10;Nijlen C4;2017;5;10;NA;NA;NA;NA;NA;NA;NA;NA;NA;NA;0;1;0;1
2017-05-10;Nijlen C5;2017;5;10;NA;NA;NA;NA;NA;NA;NA;NA;NA;NA;0;1;0;1
2017-05-17;Scheps 6;2017;5;17;NA;62;169;NA;NA;NA;NA;NA;231;231;231;3;77;1
2017-05-17;Scheps 7;2017;5;17;NA;NA;1;NA;NA;NA;NA;NA;1;1;1;2;0.5;1
2017-05-17;Scheps 8;2017;5;17;NA;NA;NA;NA;NA;NA;NA;NA;NA;NA;0;3;0;1
2017-05-17;Scheps 9;2017;5;17;NA;NA;NA;NA;NA;NA;NA;NA;NA;NA;0;2;0;1
2017-05-18;Scheps 6;2017;5;18;NA;69;56;NA;NA;NA;NA;NA;125;125;125;3;41.666666666666664;1
2017-05-18;Scheps 7;2017;5;18;NA;NA;NA;NA;NA;NA;NA;NA;NA;NA;0;2;0;1
2017-05-19;Scheps 10;2017;5;19;NA;12;6;1;NA;NA;NA;NA;19;19;19;2;9.5;1
2017-05-19;Scheps 6;2017;5;19;NA;78;59;2;NA;NA;NA;NA;139;139;139;3;46.333333333333336;1
2017-05-19;Scheps 7;2017;5;19;NA;NA;NA;NA;NA;NA;NA;NA;NA;NA;0;2;0;1
2017-05-26;Scheps 10;2017;5;26;NA;11;9;NA;NA;6;NA;1;27;20;20;3;6.666666666666667;1
2017-05-26;Scheps 6;2017;5;26;NA;46;117;NA;NA;NA;NA;NA;163;163;163;3;54.333333333333336;1
2017-05-31;Nijlen B3b;2017;5;31;NA;NA;NA;NA;NA;NA;NA;NA;NA;NA;0;1;0;1
2017-05-31;Nijlen B4;2017;5;31;NA;NA;NA;NA;NA;NA;NA;NA;NA;NA;0;1;0;1
2017-05-31;Nijlen B5;2017;5;31;NA;NA;NA;NA;NA;NA;NA;NA;NA;NA;0;1;0;1
2017-05-31;Nijlen B6;2017;5;31;NA;NA;NA;NA;NA;NA;NA;NA;NA;NA;0;1;0;1
2017-05-31;Nijlen B7;2017;5;31;NA;NA;NA;NA;NA;NA;NA;NA;NA;NA;0;1;0;1
2017-05-31;Scheps 6;2017;5;31;NA;158;168;113;NA;NA;NA;NA;439;439;439;7;62.714285714285715;1
2017-05-31;Scheps 9;2017;5;31;NA;NA;NA;NA;NA;NA;NA;NA;NA;NA;0;3;0;1
2017-06-01;Nijlen B13;2017;6;1;NA;NA;NA;NA;NA;NA;NA;NA;NA;NA;0;1;0;1
2017-06-01;Nijlen B14;2017;6;1;NA;NA;NA;NA;NA;NA;NA;NA;NA;NA;0;1;0;1
2017-06-01;Nijlen B2;2017;6;1;NA;NA;NA;NA;NA;NA;NA;NA;NA;NA;0;1;0;1
2017-06-01;Nijlen B3a;2017;6;1;NA;NA;NA;NA;NA;NA;NA;NA;NA;NA;0;1;0;1
2017-06-01;Nijlen B9;2017;6;1;NA;NA;NA;NA;NA;NA;1;NA;1;NA;0;1;0;1
2017-06-01;Scheps 6;2017;6;1;2;43;62;44;NA;NA;NA;NA;151;151;149;6;24.833333333333332;1
2017-06-01;Scheps 8;2017;6;1;NA;2;NA;NA;NA;NA;NA;NA;2;2;2;3;0.6666666666666666;1
2017-06-02;Nijlen A2;2017;6;2;NA;NA;NA;NA;NA;NA;NA;NA;NA;NA;0;3;0;1
2017-06-02;Nijlen A3a;2017;6;2;NA;NA;NA;NA;NA;NA;NA;NA;NA;NA;0;1;0;1
2017-06-02;Nijlen B1;2017;6;2;NA;NA;NA;NA;NA;NA;NA;NA;NA;NA;0;1;0;1
2017-06-02;Scheps 6;2017;6;2;2;85;114;45;NA;NA;NA;NA;246;246;244;7;34.857142857142854;1
2017-06-18;Scheps 10;2017;6;18;NA;30;25;7;NA;NA;NA;NA;62;62;62;2;31;1
2017-06-21;Arendonk 1;2017;6;21;NA;NA;NA;NA;NA;NA;NA;NA;NA;NA;0;1;0;1
2017-06-21;Arendonk 2;2017;6;21;NA;NA;NA;NA;NA;NA;NA;NA;NA;NA;0;2;0;1
2017-06-21;Bospoel;2017;6;21;NA;NA;NA;NA;NA;NA;NA;NA;NA;NA;0;1;0;1
2017-06-21;Natuurpuntpoel;2017;6;21;NA;NA;NA;NA;NA;NA;NA;NA;NA;NA;0;1;0;1
2017-06-21;Rechthoekigevijver 1;2017;6;21;NA;NA;NA;NA;NA;NA;NA;NA;NA;NA;0;1;0;1
2017-06-21;Rechthoekigevijver 2;2017;6;21;NA;NA;NA;NA;NA;NA;NA;NA;NA;NA;0;1;0;1
2017-06-21;Scheps 6;2017;6;21;2;68;88;63;NA;NA;NA;NA;221;221;219;7;31.285714285714285;1
2017-06-22;Arendonk 2b;2017;6;22;NA;NA;NA;NA;NA;NA;NA;NA;NA;NA;0;1;0;1
2017-06-22;Arendonk 3;2017;6;22;7;NA;NA;NA;NA;NA;NA;NA;7;7;0;2;0;1
2017-06-22;Arendonk 4;2017;6;22;NA;NA;NA;NA;NA;NA;NA;NA;NA;NA;0;1;0;1
2017-06-23;Kasterlee 1;2017;6;23;NA;NA;NA;NA;NA;NA;NA;NA;NA;NA;0;1;0;1
2017-06-23;Kasterlee 14;2017;6;23;NA;NA;NA;NA;NA;NA;NA;NA;NA;NA;0;1;0;1
2017-06-23;Kasterlee 3;2017;6;23;NA;NA;NA;NA;NA;NA;NA;NA;NA;NA;0;1;0;1
2017-06-23;Kasterlee 7;2017;6;23;NA;NA;NA;NA;NA;NA;NA;NA;NA;NA;0;1;0;1
2017-06-23;Kasterlee 9;2017;6;23;NA;NA;NA;NA;NA;NA;NA;NA;NA;NA;0;1;0;1
2017-06-28;Arendonk 3;2017;6;28;101;NA;35;NA;NA;NA;1;2;139;136;35;8;4.375;1
2017-06-28;Kasterlee 12;2017;6;28;NA;NA;NA;NA;NA;NA;NA;NA;NA;NA;0;1;0;1
2017-06-28;Kasterlee 2;2017;6;28;NA;NA;NA;NA;NA;NA;NA;NA;NA;NA;0;1;0;1
2017-07-05;Scheps 6;2017;7;5;NA;1;4;97;3;2;NA;1;108;102;102;5;20.4;1
2017-07-06;Scheps 10;2017;7;6;NA;NA;NA;1;2;6;NA;NA;9;1;1;5;0.2;1
2017-07-06;Scheps 6;2017;7;6;NA;1;4;48;4;2;NA;1;60;53;53;5;10.6;1
2017-07-12;Arendonk 1;2017;7;12;NA;NA;NA;NA;NA;NA;NA;NA;NA;NA;0;2;0;1
2017-07-12;Arendonk 3;2017;7;12;1;30;29;18;NA;NA;NA;NA;78;78;77;8;9.625;1
2017-07-13;Arendonk 2;2017;7;13;NA;NA;NA;NA;NA;NA;NA;NA;NA;NA;0;2;0;1
2017-07-13;Arendonk 3;2017;7;13;NA;15;12;15;NA;NA;NA;NA;42;42;42;8;5.25;1
2017-07-14;Arendonk 3;2017;7;14;NA;26;20;12;NA;NA;NA;NA;58;58;58;8;7.25;1
2017-07-14;Kasterlee 12;2017;7;14;NA;NA;NA;NA;NA;NA;NA;NA;NA;NA;0;1;0;1
2017-07-14;Kasterlee 13;2017;7;14;NA;NA;NA;NA;NA;NA;NA;NA;NA;NA;0;1;0;1
2017-07-19;Arendonk 3;2017;7;19;NA;3;6;5;NA;NA;NA;NA;14;14;14;5;2.8;1
2017-07-19;Kasterlee 1;2017;7;19;NA;NA;NA;NA;NA;NA;NA;NA;NA;NA;0;1;0;1
2017-07-19;Kasterlee 14;2017;7;19;NA;NA;NA;NA;NA;NA;NA;NA;NA;NA;0;1;0;1
2017-07-19;Kasterlee 2;2017;7;19;NA;NA;NA;NA;NA;NA;NA;NA;NA;NA;0;1;0;1
2017-07-19;Kasterlee 7;2017;7;19;NA;NA;NA;NA;NA;NA;NA;NA;NA;NA;0;1;0;1
2017-07-19;Kasterlee 9;2017;7;19;NA;NA;NA;NA;NA;NA;NA;NA;NA;NA;0;1;0;1
2017-07-20;Arendonk 3;2017;7;20;NA;3;3;5;NA;NA;NA;NA;11;11;11;5;2.2;1
2017-07-20;Nijlen B2;2017;7;20;NA;NA;NA;NA;NA;NA;NA;NA;NA;NA;0;1;0;1
2017-07-20;Nijlen B3b;2017;7;20;NA;NA;NA;NA;NA;NA;NA;NA;NA;NA;0;1;0;1
2017-07-20;Nijlen B4;2017;7;20;NA;NA;NA;NA;NA;NA;NA;NA;NA;NA;0;1;0;1
2017-07-20;Nijlen B5;2017;7;20;NA;NA;NA;NA;NA;NA;NA;NA;NA;NA;0;1;0;1
2017-07-20;Nijlen B6;2017;7;20;NA;NA;NA;NA;NA;NA;NA;NA;NA;NA;0;1;0;1
2017-07-20;Retiebaan 1;2017;7;20;NA;NA;NA;NA;NA;NA;NA;NA;NA;NA;0;3;0;1
2017-07-20;Retiebaan 2;2017;7;20;NA;NA;NA;NA;NA;NA;1;NA;1;NA;0;2;0;1
2017-07-26;Nijlen B11;2017;7;26;NA;NA;NA;NA;NA;NA;NA;NA;NA;NA;0;1;0;1
2017-07-26;Nijlen B13;2017;7;26;NA;NA;NA;NA;NA;NA;NA;NA;NA;NA;0;1;0;1
2017-07-26;Nijlen B14;2017;7;26;NA;NA;NA;NA;NA;NA;NA;NA;NA;NA;0;1;0;1
2017-07-26;Nijlen B7;2017;7;26;NA;NA;NA;NA;NA;NA;NA;NA;NA;NA;0;1;0;1
2017-07-26;Nijlen B9;2017;7;26;NA;NA;NA;NA;NA;NA;NA;NA;NA;NA;0;1;0;1
2017-07-27;Nijlen A2;2017;7;27;NA;NA;NA;NA;NA;NA;NA;NA;NA;NA;0;3;0;1
2017-07-27;Nijlen B3a;2017;7;27;NA;NA;NA;NA;NA;NA;NA;NA;NA;NA;0;1;0;1
2017-07-27;Nijlen B3b;2017;7;27;NA;NA;NA;NA;NA;NA;NA;NA;NA;NA;0;1;0;1
2017-07-28;Nijlen C15;2017;7;28;NA;NA;NA;NA;NA;NA;NA;NA;NA;NA;0;1;0;1
2017-07-28;Nijlen C16;2017;7;28;NA;NA;NA;NA;NA;NA;NA;NA;NA;NA;0;1;0;1
2017-07-28;Nijlen C3;2017;7;28;NA;NA;NA;NA;NA;NA;NA;NA;NA;NA;0;1;0;1
2017-07-28;Nijlen C5;2017;7;28;NA;NA;NA;NA;NA;NA;NA;NA;NA;NA;0;1;0;1
2017-07-28;Nijlen C6;2017;7;28;NA;NA;NA;NA;NA;NA;NA;NA;NA;NA;0;1;0;1
2017-08-01;Nijlen C13;2017;8;1;NA;NA;NA;NA;NA;NA;NA;NA;NA;NA;0;1;0;1
2017-08-02;Bospoel;2017;8;2;NA;NA;NA;NA;NA;NA;NA;NA;NA;NA;0;1;0;1
2017-08-02;Driehoek;2017;8;2;NA;NA;NA;NA;NA;NA;NA;NA;NA;NA;0;1;0;1
2017-08-02;Nijlen C11;2017;8;2;NA;NA;NA;NA;NA;NA;NA;NA;NA;NA;0;1;0;1
2017-08-02;Nijlen C12;2017;8;2;NA;NA;NA;NA;NA;NA;NA;NA;NA;NA;0;1;0;1
2017-08-02;Nijlen C8;2017;8;2;NA;NA;NA;NA;NA;NA;NA;NA;NA;NA;0;1;0;1
2017-08-02;Rechthoekigevijver 1;2017;8;2;NA;NA;NA;NA;NA;NA;NA;NA;NA;NA;0;1;0;1
2017-08-02;Rechthoekigevijver 2;2017;8;2;NA;NA;NA;NA;NA;NA;NA;NA;NA;NA;0;1;0;1
2017-08-02;Watermolen;2017;8;2;NA;NA;NA;NA;NA;NA;NA;NA;NA;NA;0;4;0;1
2017-08-04;Scheps 6;2017;8;4;NA;1;NA;3;NA;1;NA;NA;5;4;4;7;0.5714285714285714;1
2017-08-04;Scheps 8;2017;8;4;NA;NA;NA;NA;NA;NA;NA;NA;NA;NA;0;3;0;1
2017-08-09;Scheps 10;2017;8;9;NA;NA;NA;NA;1;8;NA;NA;9;NA;0;4;0;1
2017-08-09;Scheps 11;2017;8;9;NA;NA;NA;NA;NA;NA;NA;NA;NA;NA;0;1;0;1
2017-08-09;Scheps 6;2017;8;9;NA;NA;NA;NA;NA;NA;NA;NA;NA;NA;0;2;0;1
2017-08-09;Scheps 7;2017;8;9;NA;NA;NA;NA;NA;NA;NA;NA;NA;NA;0;1;0;1
2017-08-09;Scheps 8;2017;8;9;NA;NA;NA;NA;NA;NA;NA;NA;NA;NA;0;1;0;1
2017-08-09;Scheps 9;2017;8;9;NA;NA;NA;NA;NA;NA;NA;NA;NA;NA;0;1;0;1
2017-08-17;Arendonk 2;2017;8;17;253;NA;NA;NA;NA;NA;NA;NA;253;253;0;2;0;1
2017-08-17;Arendonk 3;2017;8;17;19;NA;1;3;NA;NA;NA;NA;23;23;4;4;1;1
2017-08-17;Bospoel;2017;8;17;NA;NA;NA;NA;NA;NA;NA;NA;NA;NA;0;1;0;1
2017-08-17;Driehoek;2017;8;17;NA;NA;NA;NA;NA;NA;NA;NA;NA;NA;0;1;0;1
2017-08-17;Rechthoekigevijver 1;2017;8;17;NA;NA;NA;NA;NA;NA;NA;NA;NA;NA;0;1;0;1
2017-08-17;Rechthoekigevijver 2;2017;8;17;NA;NA;NA;NA;NA;NA;NA;NA;NA;NA;0;1;0;1
2017-08-20;Scheps 2;2017;8;20;NA;2;2;76;110;1;1;1;193;80;80;7;11.428571428571429;1
2017-09-14;Arendonk 2;2017;9;14;1387;NA;NA;NA;NA;NA;NA;NA;1387;1387;0;3;0;1
2017-09-14;Arendonk 3;2017;9;14;67;NA;NA;NA;NA;NA;NA;NA;67;67;0;2;0;1
2017-09-14;Scheps 2;2017;9;14;NA;1;5;13;7;NA;NA;NA;26;19;19;3;6.333333333333333;1
2017-09-14;Scheps 6;2017;9;14;NA;1;NA;NA;NA;NA;1;NA;2;1;1;1;1;1
2017-09-14;Scheps 8;2017;9;14;NA;NA;NA;NA;NA;NA;1;NA;1;NA;0;1;0;1
2017-09-28;Scheps 10;2017;9;28;NA;NA;NA;NA;NA;NA;NA;NA;NA;NA;0;3;0;1
2017-09-28;Scheps 14;2017;9;28;NA;NA;NA;NA;NA;NA;NA;NA;NA;NA;0;2;0;1
2017-09-28;Scheps 15;2017;9;28;NA;NA;NA;NA;NA;NA;NA;NA;NA;NA;0;2;0;1
2017-09-28;Scheps 6;2017;9;28;NA;NA;NA;NA;NA;NA;NA;NA;NA;NA;0;3;0;1
2017-09-29;Scheps 10;2017;9;29;NA;NA;NA;NA;NA;5;NA;NA;5;NA;0;3;0;1
2017-09-29;Scheps 6;2017;9;29;NA;NA;NA;NA;1;1;NA;NA;2;NA;0;3;0;1
2017-10-04;Arendonk 1;2017;10;4;NA;NA;NA;NA;NA;NA;NA;NA;NA;NA;0;2;0;1
2017-10-04;Arendonk 2;2017;10;4;468;347;2;NA;NA;NA;NA;NA;817;817;349;8;43.625;1
2017-10-05;Arendonk 2;2017;10;5;546;342;NA;NA;NA;NA;NA;NA;888;888;342;8;42.75;1
2017-10-05;Arendonk 3;2017;10;5;16;8;NA;NA;NA;NA;NA;NA;24;24;8;2;4;1
2017-10-06;Arendonk 2;2017;10;6;349;331;3;NA;NA;NA;NA;NA;683;683;334;8;41.75;1
2017-10-06;Arendonk 3;2017;10;6;15;NA;NA;NA;NA;NA;NA;NA;15;15;0;2;0;1
2017-10-12;Arendonk 2;2017;10;12;464;28;NA;NA;NA;NA;NA;NA;492;492;28;3;9.333333333333334;1
2017-10-12;Kasterlee 1;2017;10;12;NA;NA;NA;NA;NA;NA;NA;NA;NA;NA;0;1;0;1
2017-10-12;Kasterlee 14;2017;10;12;NA;NA;NA;NA;NA;NA;NA;NA;NA;NA;0;1;0;1
2017-10-12;Kasterlee 2;2017;10;12;NA;NA;NA;NA;NA;NA;NA;NA;NA;NA;0;1;0;1
2017-10-12;Kasterlee 7;2017;10;12;NA;NA;NA;NA;NA;1;NA;NA;1;NA;0;1;0;1
2017-10-12;Kasterlee 9;2017;10;12;NA;NA;NA;NA;NA;NA;NA;NA;NA;NA;0;1;0;1
2017-10-12;Nijlen B6;2017;10;12;NA;NA;NA;NA;NA;NA;NA;NA;NA;NA;0;1;0;1
2017-10-13;Arendonk 2;2017;10;13;62;61;NA;NA;NA;NA;NA;NA;123;123;61;3;20.333333333333332;1
2017-10-13;Kasterlee 12;2017;10;13;NA;NA;NA;NA;NA;NA;NA;NA;NA;NA;0;1;0;1
2017-10-13;Kasterlee 13;2017;10;13;NA;NA;NA;NA;NA;NA;NA;NA;NA;NA;0;1;0;1
2017-10-13;Kasterlee 3;2017;10;13;NA;NA;NA;NA;NA;NA;NA;NA;NA;NA;0;1;0;1
2017-10-13;Nijlen B13;2017;10;13;NA;NA;NA;NA;NA;NA;NA;NA;NA;NA;0;1;0;1
2017-10-13;Nijlen B5;2017;10;13;NA;NA;NA;NA;NA;NA;NA;NA;NA;NA;0;1;0;1
2017-10-13;Nijlen B7;2017;10;13;NA;NA;NA;NA;NA;NA;NA;NA;NA;NA;0;1;0;1
2017-10-13;Nijlen C15;2017;10;13;NA;NA;NA;NA;NA;NA;NA;NA;NA;NA;0;1;0;1
2017-10-13;Nijlen C16;2017;10;13;NA;NA;NA;NA;NA;NA;NA;NA;NA;NA;0;1;0;1
2017-10-18;Arendonk 2;2017;10;18;44;45;NA;NA;NA;NA;NA;NA;89;89;45;3;15;1
2017-10-18;Arendonk 3;2017;10;18;4;8;1;NA;NA;NA;NA;NA;13;13;9;2;4.5;1
2017-10-18;Bospoel;2017;10;18;NA;NA;NA;NA;NA;NA;NA;NA;NA;NA;0;1;0;1
2017-10-18;Driehoek;2017;10;18;NA;NA;NA;NA;NA;NA;NA;NA;NA;NA;0;1;0;1
2017-10-18;Nijlen C11;2017;10;18;NA;NA;NA;NA;NA;NA;NA;NA;NA;NA;0;1;0;1
2017-10-18;Nijlen C12;2017;10;18;NA;NA;NA;NA;NA;NA;NA;NA;NA;NA;0;1;0;1
2017-10-18;Nijlen C13;2017;10;18;NA;NA;NA;NA;NA;NA;NA;NA;NA;NA;0;1;0;1
2017-10-18;Nijlen C14;2017;10;18;NA;NA;NA;NA;NA;NA;NA;NA;NA;NA;0;1;0;1
2017-10-18;Nijlen C5;2017;10;18;NA;NA;NA;NA;NA;NA;NA;NA;NA;NA;0;1;0;1
2017-10-18;Rechthoekigevijver 1;2017;10;18;NA;NA;NA;NA;NA;NA;NA;NA;NA;NA;0;1;0;1
2017-10-18;Rechthoekigevijver 2;2017;10;18;NA;NA;NA;NA;NA;NA;NA;NA;NA;NA;0;1;0;1
2017-10-19;Arendonk 2;2017;10;19;51;14;NA;NA;NA;NA;NA;NA;65;65;14;3;4.666666666666667;1
2017-10-19;Arendonk 3;2017;10;19;40;1;NA;NA;NA;NA;NA;NA;41;41;1;2;0.5;1
2017-10-20;Arendonk 2;2017;10;20;27;2;NA;NA;NA;NA;NA;NA;29;29;2;3;0.6666666666666666;1
2017-10-20;Arendonk 3;2017;10;20;38;56;2;NA;NA;NA;NA;NA;96;96;58;2;29;1
2017-10-20;Kasterlee 14;2017;10;20;NA;NA;NA;NA;NA;NA;NA;NA;NA;NA;0;1;0;1
2017-10-20;Kasterlee 2;2017;10;20;NA;NA;NA;NA;NA;NA;NA;NA;NA;NA;0;1;0;1
2017-10-20;Kasterlee 3;2017;10;20;NA;NA;NA;NA;NA;NA;NA;NA;NA;NA;0;1;0;1
2017-10-20;Kasterlee 7;2017;10;20;NA;NA;NA;NA;NA;NA;NA;NA;NA;NA;0;1;0;1
2017-10-20;Kasterlee 9;2017;10;20;NA;NA;NA;NA;NA;NA;NA;NA;NA;NA;0;1;0;1
2017-10-25;Nijlen A4;2017;10;25;NA;NA;NA;NA;NA;NA;NA;NA;NA;NA;0;1;0;1
2017-10-25;Nijlen B14;2017;10;25;NA;NA;NA;NA;NA;NA;NA;NA;NA;NA;0;1;0;1
2017-10-25;Nijlen B3b;2017;10;25;NA;NA;NA;NA;NA;NA;NA;NA;NA;NA;0;1;0;1
2017-10-25;Nijlen B9;2017;10;25;NA;NA;NA;NA;NA;NA;NA;NA;NA;NA;0;1;0;1
2017-10-25;Nijlen C8;2017;10;25;NA;NA;NA;NA;NA;NA;NA;NA;NA;NA;0;1;0;1
2017-10-26;Nijlen C2;2017;10;26;NA;NA;NA;NA;NA;NA;NA;NA;NA;NA;0;1;0;1
2017-10-26;Nijlen C3;2017;10;26;NA;NA;NA;NA;NA;NA;NA;NA;NA;NA;0;1;0;1
2017-10-26;Nijlen C6;2017;10;26;NA;NA;NA;NA;NA;NA;NA;NA;NA;NA;0;1;0;1
2017-10-26;Nijlen C9;2017;10;26;NA;NA;NA;NA;NA;NA;NA;NA;NA;NA;0;1;0;1
2017-12-10;Nijlen B2;2017;12;10;NA;NA;NA;NA;NA;NA;NA;NA;NA;NA;0;1;0;1
2017-12-10;Nijlen B3a;2017;12;10;NA;NA;NA;NA;NA;NA;NA;NA;NA;NA;0;1;0;1
2017-12-10;Nijlen B3b;2017;12;10;NA;NA;NA;NA;NA;NA;NA;NA;NA;NA;0;1;0;1
2017-12-10;Nijlen B4;2017;12;10;NA;NA;NA;NA;NA;NA;NA;NA;NA;NA;0;1;0;1
2018-04-24;Arendonk 2;2018;4;24;107;127;18;0;NA;NA;NA;NA;252;252;145;2;72.5;1
2018-04-24;Kasterlee 3;2018;4;24;NA;NA;NA;NA;NA;NA;NA;NA;NA;NA;0;1;0;1
2018-04-24;Kasterlee 7;2018;4;24;NA;NA;NA;NA;NA;NA;NA;NA;NA;NA;0;2;0;1
2018-04-25;Nijlen A3b;2018;4;25;NA;NA;NA;NA;NA;NA;NA;NA;NA;NA;0;1;0;1
2018-04-25;Nijlen B13;2018;4;25;NA;NA;NA;NA;NA;NA;NA;NA;NA;NA;0;1;0;1
2018-04-25;Nijlen B9;2018;4;25;NA;NA;NA;NA;NA;NA;NA;NA;NA;NA;0;1;0;1
2018-04-25;Nijlen C16;2018;4;25;NA;NA;NA;NA;NA;NA;NA;NA;NA;NA;0;1;0;1
2018-04-25;Nijlen C2;2018;4;25;NA;NA;NA;NA;NA;NA;NA;NA;NA;NA;0;1;0;1
2018-04-26;Scheps 10;2018;4;26;NA;NA;NA;NA;NA;NA;NA;NA;NA;NA;0;2;0;1
2018-04-26;Scheps 6;2018;4;26;NA;NA;NA;NA;NA;NA;NA;NA;NA;NA;0;3;0;1
2018-05-08;Kasterlee 14;2018;5;8;NA;NA;NA;NA;NA;NA;NA;NA;NA;NA;0;2;0;1
2018-05-08;Kasterlee 2;2018;5;8;NA;NA;NA;NA;NA;NA;NA;NA;NA;NA;0;1;0;1
2018-05-08;Kasterlee 9;2018;5;8;NA;NA;NA;NA;NA;NA;NA;NA;NA;NA;0;2;0;1
2018-05-09;Kasterlee 12;2018;5;9;NA;NA;NA;NA;NA;NA;NA;NA;NA;NA;0;1;0;1
2018-05-09;Kasterlee 13;2018;5;9;NA;NA;NA;NA;NA;NA;NA;NA;NA;NA;0;2;0;1
2018-05-09;Kasterlee 3;2018;5;9;NA;NA;NA;NA;NA;NA;NA;NA;NA;NA;0;2;0;1
2018-05-15;Arendonk 2;2018;5;15;80;163;72;NA;NA;NA;NA;NA;315;315;235;4;58.75;1
2018-05-15;Arendonk 2b;2018;5;15;NA;NA;NA;NA;NA;NA;NA;NA;NA;NA;0;1;0;1
2018-05-16;Arendonk 2;2018;5;16;118;258;89;NA;NA;NA;NA;NA;465;465;347;3;115.66666666666667;1
2018-05-16;Arendonk 3;2018;5;16;13;152;40;3;NA;NA;NA;NA;208;208;195;2;97.5;1
2018-05-17;Arendonk 2;2018;5;17;21;59;41;NA;NA;NA;NA;NA;121;121;100;3;33.333333333333336;1
2018-05-17;Arendonk 3;2018;5;17;136;209;46;3;NA;NA;NA;NA;394;394;258;2;129;1
2018-05-23;Arendonk 2;2018;5;23;7;29;15;2;NA;NA;NA;NA;53;53;46;3.5;13.142857142857142;1
2018-05-23;Arendonk 3;2018;5;23;44;111;59;6;NA;NA;NA;NA;220;220;176;5;35.2;1
2018-05-27;Nijlen C11;2018;5;27;NA;NA;NA;NA;NA;NA;NA;NA;NA;NA;0;2;0;1
2018-05-29;Arendonk 3;2018;5;29;1;54;8;NA;NA;NA;NA;NA;63;63;62;3;20.666666666666668;1
2018-05-30;Nijlen C13;2018;5;30;NA;NA;NA;NA;NA;NA;NA;NA;NA;NA;0;2;0;1
2018-05-30;Nijlen C14;2018;5;30;NA;NA;NA;NA;NA;NA;NA;NA;NA;NA;0;3;0;1
2018-05-31;Nijlen C12;2018;5;31;NA;NA;NA;NA;NA;NA;NA;NA;NA;NA;0;3;0;1
2018-06-01;Nijlen C15;2018;6;1;NA;NA;NA;NA;NA;NA;NA;NA;NA;NA;0;2;0;1
2018-06-01;Nijlen C16;2018;6;1;NA;NA;NA;NA;NA;NA;NA;NA;NA;NA;0;3;0;1
2018-06-06;Nijlen B10;2018;6;6;3;NA;NA;NA;NA;3;NA;NA;6;3;0;5;0;1
2018-06-06;Nijlen B4;2018;6;6;8;NA;NA;NA;NA;NA;NA;NA;8;8;0;3;0;1
2018-06-08;Nijlen B10;2018;6;8;1;NA;NA;NA;NA;1;NA;NA;2;1;0;3;0;1
2018-06-12;Kasterlee 14;2018;6;12;NA;NA;NA;NA;NA;NA;NA;NA;NA;NA;0;2;0;1
2018-06-12;Kasterlee 3;2018;6;12;NA;NA;NA;NA;NA;NA;NA;NA;NA;NA;0;4;0;1
2018-06-12;Kasterlee 9;2018;6;12;0;0;0;0;0;0;0;0;0;0;0;3;0;1
2018-06-13;Kasterlee 1;2018;6;13;NA;NA;NA;NA;NA;NA;NA;NA;NA;NA;0;2;0;1
2018-06-13;Kasterlee 2;2018;6;13;NA;NA;NA;NA;NA;NA;NA;NA;NA;NA;0;3;0;1
2018-06-13;Kasterlee 7;2018;6;13;NA;NA;NA;NA;NA;NA;NA;NA;NA;NA;0;2;0;1
2018-06-14;Kasterlee 12;2018;6;14;NA;NA;NA;NA;NA;NA;NA;NA;NA;NA;0;2;0;1
2018-06-14;Kasterlee 13;2018;6;14;NA;NA;NA;NA;NA;NA;NA;NA;NA;NA;0;2;0;1
2018-06-19;Arendonk 2;2018;6;19;1;2;15;7;NA;NA;NA;NA;25;25;24;3;8;1
2018-06-20;Arendonk 2;2018;6;20;NA;8;15;9;NA;NA;1;NA;33;32;32;3;10.666666666666666;1
2018-06-21;Arendonk 2;2018;6;21;NA;18;23;13;NA;NA;NA;NA;54;54;54;5;10.8;1
2018-06-21;Arendonk 2b;2018;6;21;NA;NA;NA;NA;NA;NA;NA;NA;NA;NA;0;2;0;1
2018-06-21;Arendonk 3;2018;6;21;NA;70;95;114;NA;NA;NA;NA;279;279;279;3;93;1
2018-06-21;Nijlen D3;2018;6;21;NA;NA;NA;NA;NA;NA;NA;NA;NA;NA;0;3;0;1
2018-06-22;Arendonk 1;2018;6;22;NA;NA;NA;NA;NA;NA;NA;NA;NA;NA;0;2;0;1
2018-06-22;Arendonk 2;2018;6;22;NA;12;8;10;NA;NA;NA;NA;30;30;30;4;7.5;1
2018-06-22;Arendonk 3;2018;6;22;NA;14;26;22;1;NA;NA;NA;63;62;62;4;15.5;1
2018-06-22;Nijlen D3;2018;6;22;NA;NA;NA;NA;NA;NA;NA;NA;NA;NA;0;3;0;1
2018-06-26;Arendonk 2;2018;6;26;1;5;2;3;NA;NA;NA;NA;11;11;10;4;2.5;1
2018-06-26;Arendonk 3;2018;6;26;NA;18;53;45;6;NA;NA;NA;122;116;116;4;29;1
2018-06-26;Arendonk 4;2018;6;26;20;21;13;NA;NA;NA;NA;NA;54;54;34;2;17;1
2018-06-27;Arendonk 2;2018;6;27;NA;6;6;2;NA;NA;NA;NA;14;14;14;4;3.5;1
2018-06-27;Arendonk 3;2018;6;27;NA;15;31;20;NA;NA;NA;NA;66;66;66;3;22;1
2018-06-27;Arendonk 4;2018;6;27;21;NA;NA;NA;NA;NA;NA;NA;21;21;0;2;0;1
2018-06-27;Nijlen B3a;2018;6;27;NA;NA;NA;NA;NA;NA;NA;NA;NA;NA;0;3;0;1
2018-06-28;Arendonk 2;2018;6;28;24;12;6;4;NA;NA;NA;NA;46;46;22;5;4.4;1
2018-06-28;Arendonk 3;2018;6;28;NA;13;27;30;2;NA;NA;NA;72;70;70;4;17.5;1
2018-06-28;Nijlen B3a;2018;6;28;NA;NA;NA;NA;NA;NA;NA;NA;NA;NA;0;8;0;1
2018-07-04;Banaan;2018;7;4;NA;NA;NA;NA;NA;NA;NA;NA;NA;NA;0;1;0;1
2018-07-04;Bospoel;2018;7;4;NA;NA;NA;NA;NA;NA;NA;NA;NA;NA;0;1;0;1
2018-07-04;Hoogstraten - Chaamseweg 53;2018;7;4;NA;NA;NA;NA;NA;NA;NA;NA;NA;NA;0;1;0;1
2018-07-04;Natuurpuntpoel;2018;7;4;NA;NA;NA;NA;NA;NA;NA;NA;NA;NA;0;1;0;1
2018-07-04;Rechthoekigevijver 1;2018;7;4;NA;NA;NA;NA;NA;NA;NA;NA;NA;NA;0;1;0;1
2018-07-04;Rechthoekigevijver 2;2018;7;4;NA;NA;NA;NA;NA;NA;NA;NA;NA;NA;0;1;0;1
2018-07-06;Scheps 20;2018;7;6;NA;NA;1;7;4;12;NA;1;25;8;8;9;0.8888888888888888;1
2018-07-06;Scheps 6;2018;7;6;NA;NA;NA;NA;NA;NA;NA;NA;NA;NA;0;1;0;1
2018-07-06;Scheps 7;2018;7;6;NA;NA;NA;NA;NA;NA;NA;NA;NA;NA;0;1;0;1
2018-07-06;Scheps 8;2018;7;6;NA;NA;NA;NA;NA;NA;NA;NA;NA;NA;0;1;0;1
2018-07-06;Scheps 9;2018;7;6;NA;NA;NA;NA;NA;NA;NA;NA;NA;NA;0;1;0;1
2018-07-17;Kasterlee 1;2018;7;17;NA;NA;NA;NA;NA;NA;NA;NA;NA;NA;0;2;0;1
2018-07-17;Kasterlee 12;2018;7;17;NA;NA;NA;NA;NA;NA;NA;NA;NA;NA;0;1;0;1
2018-07-17;Kasterlee 13;2018;7;17;NA;NA;NA;NA;NA;NA;NA;NA;NA;NA;0;1;0;1
2018-07-17;Kasterlee 14;2018;7;17;NA;NA;2;NA;NA;NA;NA;NA;2;2;2;2;1;1
2018-07-17;Kasterlee 2;2018;7;17;NA;NA;NA;NA;NA;NA;NA;NA;NA;NA;0;2;0;1
2018-07-17;Kasterlee 3;2018;7;17;NA;NA;NA;NA;NA;NA;NA;NA;NA;NA;0;1;0;1
2018-07-17;Kasterlee 9;2018;7;17;NA;NA;NA;NA;NA;NA;NA;NA;NA;NA;0;1;0;1
2018-07-18;Nijlen B10;2018;7;18;3851;3;2;NA;NA;NA;1;NA;3857;3856;5;6;0.8333333333333334;1
2018-07-18;Retiebaan 1;2018;7;18;NA;NA;NA;NA;NA;NA;NA;NA;NA;NA;0;1;0;1
2018-07-18;Retiebaan 2;2018;7;18;NA;NA;NA;NA;NA;NA;NA;NA;NA;NA;0;2;0;1
2018-07-18;Scheps 10;2018;7;18;NA;NA;NA;NA;NA;2;3;4;9;NA;0;3;0;1
2018-07-18;Scheps 11;2018;7;18;NA;NA;NA;NA;NA;NA;NA;NA;NA;NA;0;2;0;1
2018-07-18;Scheps 20;2018;7;18;284;2;NA;14;1;7;1;3;312;300;16;5;3.2;1
2018-07-18;Scheps 25;2018;7;18;NA;NA;NA;NA;NA;1;NA;NA;1;NA;0;1;0;1
2018-07-18;Scheps 8;2018;7;18;NA;NA;NA;NA;NA;NA;1;NA;1;NA;0;2;0;1
2018-07-18;Watermolen;2018;7;18;NA;NA;NA;NA;NA;NA;NA;NA;NA;NA;0;1;0;1
2018-07-19;Nijlen B9;2018;7;19;NA;NA;NA;NA;NA;NA;NA;NA;NA;NA;0;1;0;1
2018-07-19;Scheps 10;2018;7;19;NA;NA;NA;NA;NA;2;2;2;6;NA;0;3;0;1
2018-07-19;Scheps 20;2018;7;19;158;NA;NA;NA;NA;7;NA;1;166;158;0;5;0;1
2018-07-19;Scheps 6;2018;7;19;NA;NA;NA;NA;NA;NA;NA;NA;NA;NA;0;2;0;1
2018-07-20;Arendonk 2;2018;7;20;1089;39;3;7;NA;NA;NA;NA;1138;1138;49;5;9.8;1
2018-07-20;Arendonk 3;2018;7;20;1;1;3;86;14;3;NA;NA;108;91;90;5;18;1
2018-07-20;Nijlen B10;2018;7;20;1890;NA;2;1;0;3;1;NA;1897;1893;3;6;0.5;1
2018-07-20;Nijlen B13;2018;7;20;NA;NA;NA;NA;NA;NA;NA;NA;NA;NA;0;1;0;1
2018-07-20;Scheps 10;2018;7;20;NA;NA;NA;NA;NA;1;1;NA;2;NA;0;3;0;1
2018-07-20;Scheps 20;2018;7;20;137;NA;NA;NA;NA;3;2;NA;142;137;0;5;0;1
2018-07-20;Scheps 6;2018;7;20;NA;NA;NA;NA;NA;NA;NA;1;1;NA;0;2;0;1
2018-07-21;Scheps 20;2018;7;21;68;NA;NA;NA;NA;7;2;1;78;68;0;5;0;1
2018-07-24;Arendonk 2;2018;7;24;3428;2;NA;5;NA;NA;NA;NA;3435;3435;7;10;0.7;1
2018-07-25;Arendonk 2;2018;7;25;1312;1;NA;6;NA;NA;NA;NA;1319;1319;7;10;0.7;1
2018-07-25;Scheps 10;2018;7;25;NA;NA;NA;NA;NA;1;1;1;3;NA;0;2;0;1
2018-07-25;Scheps 20;2018;7;25;227;NA;0;NA;NA;2;1;3;233;227;0;5;0;1
2018-07-25;Scheps 7;2018;7;25;NA;NA;NA;NA;NA;NA;NA;NA;NA;NA;0;2;0;1
2018-07-25;Scheps 8;2018;7;25;NA;NA;NA;NA;NA;NA;NA;NA;NA;NA;0;2;0;1
2018-07-26;Arendonk 1;2018;7;26;NA;NA;NA;NA;NA;NA;NA;NA;NA;NA;0;1;0;1
2018-07-26;Arendonk 3;2018;7;26;1;NA;NA;51;13;5;NA;NA;70;52;51;9;5.666666666666667;1
2018-07-26;Mol - Tomaathoek;2018;7;26;NA;NA;NA;NA;NA;NA;NA;NA;NA;NA;0;1;0;1
2018-07-26;Nijlen C5;2018;7;26;NA;NA;NA;NA;NA;NA;NA;NA;NA;NA;0;4;0;1
2018-07-26;Nijlen D3;2018;7;26;4;NA;NA;NA;NA;NA;NA;NA;4;4;0;4;0;1
2018-07-26;Scheps 10;2018;7;26;NA;NA;NA;NA;NA;NA;NA;NA;NA;NA;0;2;0;1
2018-07-26;Scheps 20;2018;7;26;209;NA;NA;NA;NA;NA;NA;NA;209;209;0;5;0;1
2018-07-26;Scheps 7;2018;7;26;NA;NA;NA;NA;NA;NA;NA;NA;NA;NA;0;2;0;1
2018-07-26;Scheps 8;2018;7;26;NA;NA;NA;NA;NA;NA;NA;NA;NA;NA;0;2;0;1
2018-07-27;Arendonk 3;2018;7;27;NA;NA;NA;34;9;7;NA;NA;50;34;34;9;3.7777777777777777;1
2018-07-27;Nijlen C3;2018;7;27;NA;NA;NA;NA;NA;NA;NA;NA;NA;NA;0;2;0;1
2018-07-27;Scheps 10;2018;7;27;NA;NA;NA;NA;NA;1;NA;NA;1;NA;0;2;0;1
2018-07-27;Scheps 20;2018;7;27;104;NA;NA;NA;NA;3;2;2;111;104;0;5;0;1
2018-07-27;Scheps 7;2018;7;27;NA;NA;NA;NA;NA;NA;NA;NA;NA;NA;0;2;0;1
2018-07-27;Scheps 8;2018;7;27;NA;NA;NA;NA;NA;NA;NA;NA;NA;NA;0;2;0;1
2018-07-31;Arendonk 2;2018;7;31;74;59;NA;NA;NA;NA;NA;NA;133;133;59;2;29.5;1
2018-07-31;Arendonk 3;2018;7;31;NA;NA;1;16;8;14;NA;NA;39;17;17;8;2.125;1
2018-08-01;Arendonk 2;2018;8;1;42;9;NA;NA;NA;NA;NA;NA;51;51;9;2;4.5;1
2018-08-01;Bospoel;2018;8;1;NA;NA;NA;NA;NA;NA;NA;NA;NA;NA;0;1;0;1
2018-08-01;Driehoek;2018;8;1;NA;NA;NA;NA;NA;NA;NA;NA;NA;NA;0;1;0;1
2018-08-01;Nijlen C11;2018;8;1;NA;NA;NA;NA;NA;NA;NA;NA;NA;NA;0;3;0;1
2018-08-01;Nijlen C7;2018;8;1;NA;NA;NA;NA;NA;NA;NA;1;1;NA;0;3;0;1
2018-08-01;Nijlen C8;2018;8;1;NA;NA;NA;NA;NA;NA;NA;NA;NA;NA;0;2;0;1
2018-08-01;Rechthoekigevijver 1;2018;8;1;NA;NA;NA;NA;NA;NA;NA;NA;NA;NA;0;1;0;1
2018-08-01;Rechthoekigevijver 2;2018;8;1;NA;NA;NA;NA;NA;NA;NA;NA;NA;NA;0;1;0;1
2018-08-02;Arendonk 2;2018;8;2;54;25;NA;NA;NA;NA;NA;NA;79;79;25;2;12.5;1
2018-08-02;Arendonk 3;2018;8;2;NA;NA;2;10;2;14;NA;NA;28;12;12;8;1.5;1
2018-08-02;Nijlen B2;2018;8;2;NA;NA;NA;NA;NA;NA;NA;NA;NA;NA;0;8;0;1
2018-08-03;Arendonk 2;2018;8;3;61;159;NA;NA;NA;NA;NA;NA;220;220;159;2;79.5;1
2018-08-03;Arendonk 3;2018;8;3;1;NA;1;11;6;11;NA;NA;30;13;12;8;1.5;1
2018-08-03;Nijlen B12;2018;8;3;NA;NA;NA;NA;NA;NA;NA;NA;NA;NA;0;3;0;1
2018-08-03;Nijlen B3b;2018;8;3;NA;NA;NA;NA;NA;NA;NA;NA;NA;NA;0;1;0;1
2018-08-03;Nijlen B5;2018;8;3;NA;NA;NA;NA;NA;NA;NA;NA;NA;NA;0;2;0;1
2018-08-03;Nijlen B6;2018;8;3;NA;NA;NA;NA;NA;NA;NA;NA;NA;NA;0;2;0;1
2018-08-08;Arendonk 2;2018;8;8;236;265;NA;NA;NA;NA;NA;NA;501;501;265;2;132.5;1
2018-08-08;Arendonk 3;2018;8;8;NA;NA;NA;3;1;11;NA;1;16;3;3;8;0.375;1
2018-08-09;Arendonk 2;2018;8;9;28;67;1;NA;NA;NA;NA;NA;96;96;68;2;34;1
2018-08-09;Arendonk 3;2018;8;9;1;NA;NA;3;NA;2;NA;NA;6;4;3;8;0.375;1
2018-08-10;Arendonk 2;2018;8;10;37;59;55;NA;NA;NA;NA;NA;151;151;114;2;57;1
2018-08-10;Arendonk 3;2018;8;10;NA;NA;2;NA;7;20;NA;NA;38;11;11;16;1.375;2
2018-08-10;Bospoel;2018;8;10;NA;NA;NA;NA;NA;NA;NA;NA;NA;NA;0;1;0;1
2018-08-10;Driehoek;2018;8;10;NA;NA;NA;NA;NA;NA;NA;NA;NA;NA;0;1;0;1
2018-08-10;Natuurpuntpoel;2018;8;10;NA;NA;NA;NA;NA;NA;NA;NA;NA;NA;0;1;0;1
2018-08-10;Rechthoekigevijver 1;2018;8;10;NA;NA;NA;NA;NA;NA;NA;NA;NA;NA;0;1;0;1
2018-08-10;Rechthoekigevijver 2;2018;8;10;NA;NA;NA;NA;NA;NA;NA;NA;NA;NA;0;1;0;1
2018-08-14;Kasterlee 1;2018;8;14;NA;NA;NA;NA;NA;NA;NA;NA;NA;NA;0;1;0;1
2018-08-14;Kasterlee 12;2018;8;14;NA;NA;NA;NA;NA;NA;NA;NA;NA;NA;0;1;0;1
2018-08-14;Kasterlee 13;2018;8;14;NA;NA;NA;NA;NA;NA;NA;NA;NA;NA;0;1;0;1
2018-08-14;Kasterlee 14;2018;8;14;NA;NA;NA;NA;NA;NA;NA;NA;NA;NA;0;1;0;1
2018-08-14;Kasterlee 2;2018;8;14;NA;NA;NA;NA;NA;NA;NA;NA;NA;NA;0;1;0;1
2018-08-14;Kasterlee 3;2018;8;14;NA;NA;NA;NA;NA;NA;NA;NA;NA;NA;0;1;0;1
2018-08-14;Kasterlee 7;2018;8;14;NA;NA;NA;NA;NA;NA;NA;NA;NA;NA;0;1;0;1
2018-08-14;Kasterlee 9;2018;8;14;NA;NA;NA;NA;NA;NA;NA;NA;NA;NA;0;1;0;1
2018-08-14;Retiebaan 1;2018;8;14;NA;NA;NA;NA;NA;NA;NA;NA;NA;NA;0;1;0;1
2018-08-14;Retiebaan 2;2018;8;14;NA;NA;NA;NA;NA;NA;NA;NA;NA;NA;0;1;0;1
2018-08-21;Arendonk 2;2018;8;21;622;20;713;126;NA;NA;NA;NA;1481;1481;859;5;171.8;1
2018-08-21;Arendonk 3;2018;8;21;NA;NA;NA;NA;NA;NA;NA;NA;NA;NA;0;5;0;1
2018-08-22;Arendonk 2;2018;8;22;524;101;264;114;1;NA;NA;NA;1004;1003;479;5;95.8;1
2018-08-22;Arendonk 3;2018;8;22;NA;NA;NA;NA;NA;NA;NA;NA;NA;NA;0;5;0;1
2018-08-23;Arendonk 2;2018;8;23;690;150;288;168;NA;1;NA;NA;1297;1296;606;5;121.2;1
2018-08-24;Arendonk 2;2018;8;24;237;141;109;84;NA;NA;NA;NA;571;571;334;5;66.8;1
2018-08-27;Nijlen C15;2018;8;27;NA;NA;NA;NA;NA;NA;NA;NA;NA;NA;0;2;0;1
2018-08-29;Nijlen A3b;2018;8;29;NA;NA;NA;NA;NA;NA;NA;NA;NA;NA;0;4;0;1
2018-08-29;Nijlen B10;2018;8;29;364;364;NA;NA;NA;NA;NA;NA;728;728;364;4;91;1
2018-08-30;Arendonk 2;2018;8;30;237;141;109;84;NA;NA;NA;NA;571;571;334;10;33.4;1
2018-08-30;Nijlen B10;2018;8;30;350;NA;NA;NA;NA;NA;NA;NA;350;350;0;2;0;1
2018-08-30;Nijlen C14;2018;8;30;NA;NA;NA;NA;NA;NA;NA;NA;NA;NA;0;2;0;1
2018-08-30;Nijlen C15;2018;8;30;NA;NA;NA;NA;NA;NA;NA;NA;NA;NA;0;2;0;1
2018-08-30;Nijlen C9;2018;8;30;NA;NA;NA;NA;NA;NA;NA;NA;NA;NA;0;2;0;1
2018-08-31;Nijlen B10;2018;8;31;45;5;NA;NA;NA;NA;NA;NA;50;50;5;2;2.5;1
2018-08-31;Nijlen C11;2018;8;31;NA;NA;NA;NA;NA;NA;NA;NA;NA;NA;0;2;0;1
2018-08-31;Nijlen C7;2018;8;31;NA;NA;NA;NA;NA;NA;NA;NA;NA;NA;0;1;0;1
2018-08-31;Nijlen C8;2018;8;31;NA;NA;NA;NA;NA;NA;NA;NA;NA;NA;0;1;0;1
2018-08-31;Nijlen C9;2018;8;31;NA;NA;NA;NA;NA;NA;NA;NA;NA;NA;0;2;0;1
2018-09-04;Arendonk 2;2018;9;4;261;97;15;123;NA;NA;NA;NA;496;496;235;10;23.5;1
2018-09-05;Arendonk 2;2018;9;5;313;68;29;106;NA;NA;NA;NA;516;516;203;10;20.3;1
2018-09-05;Nijlen B10;2018;9;5;560;NA;NA;NA;NA;NA;NA;NA;560;560;0;2;0;1
2018-09-05;Nijlen C12;2018;9;5;NA;2;NA;NA;NA;NA;NA;NA;2;2;2;1;2;1
2018-09-05;Nijlen C13;2018;9;5;NA;NA;NA;NA;NA;NA;NA;NA;NA;NA;0;2;0;1
2018-09-05;Nijlen D3;2018;9;5;NA;NA;NA;1;NA;NA;NA;NA;1;1;1;2;0.5;1
2018-09-06;Arendonk 2;2018;9;6;75;315;34;70;NA;NA;NA;NA;494;494;419;10;41.9;1
2018-09-07;Arendonk 2;2018;9;7;160;102;15;70;NA;NA;NA;NA;347;347;187;10;18.7;1
2018-09-11;Arendonk 2;2018;9;11;81;178;12;34;5;NA;NA;NA;310;305;224;10;22.4;1
2018-09-12;Arendonk 2;2018;9;12;70;80;7;32;3;NA;NA;NA;192;189;119;10;11.9;1
2018-09-18;Arendonk 2;2018;9;18;NA;NA;NA;NA;NA;NA;NA;NA;NA;NA;0;12;0;1
2018-09-18;Kasterlee 1;2018;9;18;NA;NA;NA;NA;NA;NA;NA;NA;NA;NA;0;1;0;1
2018-09-18;Kasterlee 12;2018;9;18;NA;NA;NA;NA;NA;NA;NA;NA;NA;NA;0;1;0;1
2018-09-18;Kasterlee 2;2018;9;18;NA;NA;NA;NA;NA;NA;NA;NA;NA;NA;0;1;0;1
2018-09-18;Kasterlee 3;2018;9;18;NA;NA;NA;NA;NA;NA;NA;NA;NA;NA;0;1;0;1
2018-09-18;Kasterlee 7;2018;9;18;NA;NA;NA;NA;NA;NA;NA;NA;NA;NA;0;1;0;1
2018-09-18;Kasterlee 9;2018;9;18;NA;NA;NA;NA;NA;NA;NA;NA;NA;NA;0;1;0;1
2018-09-18;Retiebaan 1;2018;9;18;NA;NA;NA;NA;NA;NA;NA;NA;NA;NA;0;1;0;1
2018-09-18;Retiebaan 2;2018;9;18;NA;NA;NA;NA;NA;NA;NA;NA;NA;NA;0;1;0;1
2018-09-19;Arendonk 2;2018;9;19;128;98;12;44;15;1;NA;NA;298;282;154;10;15.4;1
2018-09-20;Arendonk 2;2018;9;20;17;35;2;12;2;NA;NA;NA;68;66;49;10;4.9;1
2018-09-21;Arendonk 2;2018;9;21;27;99;3;10;3;1;NA;NA;143;139;112;10;11.2;1
2018-09-21;Bospoel;2018;9;21;NA;NA;NA;NA;NA;NA;NA;NA;NA;NA;0;1;0;1
2018-09-21;Driehoek;2018;9;21;NA;NA;NA;NA;NA;NA;NA;NA;NA;NA;0;1;0;1
2018-09-21;Natuurpuntpoel;2018;9;21;NA;NA;NA;NA;NA;NA;NA;NA;NA;NA;0;1;0;1
2018-09-21;Rechthoekigevijver 1;2018;9;21;NA;NA;NA;NA;NA;NA;NA;NA;NA;NA;0;1;0;1
2018-09-21;Rechthoekigevijver 2;2018;9;21;NA;NA;NA;NA;NA;NA;NA;NA;NA;NA;0;1;0;1
2018-09-23;Scheps 2;2018;9;23;103;216;45;24;1;2;NA;2;393;388;285;6;47.5;1
2018-09-23;Scheps 20;2018;9;23;NA;606;216;NA;NA;4;NA;1;827;822;822;8;102.75;1
2018-09-25;Arendonk 2;2018;9;25;NA;NA;NA;7;2;1;NA;NA;10;7;7;10;0.7;1
2018-09-26;Arendonk 2;2018;9;26;4;21;NA;3;NA;1;NA;NA;29;28;24;10;2.4;1
2018-09-27;Arendonk 2;2018;9;27;2;10;1;2;3;NA;NA;NA;18;15;13;10;1.3;1
2018-09-28;Arendonk 2;2018;9;28;1;29;1;3;NA;1;NA;NA;35;34;33;10;3.3;1
2018-10-02;Arendonk 2;2018;10;2;1;3;1;2;NA;1;NA;NA;8;7;6;5;1.2;1
2018-10-02;Arendonk 2b;2018;10;2;NA;NA;NA;NA;NA;NA;NA;NA;NA;NA;0;1;0;1
2018-10-02;Arendonk 3;2018;10;2;NA;NA;NA;NA;NA;NA;NA;NA;NA;NA;0;3;0;1
2018-10-12;Bospoel;2018;10;12;NA;NA;NA;NA;NA;NA;NA;NA;NA;NA;0;1;0;1
2018-10-12;Driehoek;2018;10;12;NA;NA;NA;NA;NA;NA;NA;NA;NA;NA;0;1;0;1
2018-10-12;Natuurpuntpoel;2018;10;12;NA;NA;NA;NA;NA;NA;NA;NA;NA;NA;0;1;0;1
2018-10-12;Rechthoekigevijver 1;2018;10;12;NA;NA;NA;NA;NA;NA;NA;NA;NA;NA;0;1;0;1
2018-10-12;Rechthoekigevijver 2;2018;10;12;NA;NA;NA;NA;NA;NA;NA;NA;NA;NA;0;1;0;1
2018-10-14;Scheps 20;2018;10;14;NA;348;200;53;NA;2;NA;NA;603;601;601;7;85.85714285714286;1
2018-10-18;Arendonk - visput;2018;10;18;NA;NA;NA;NA;NA;NA;NA;NA;NA;NA;0;4;0;1
2018-10-18;Kasterlee 11a;2018;10;18;NA;NA;NA;NA;NA;NA;NA;NA;NA;NA;0;2;0;1
2019-05-07;Arendonk 1;2019;5;7;NA;NA;NA;NA;NA;NA;NA;NA;NA;NA;0;2;0;1
2019-05-07;Arendonk 2;2019;5;7;NA;NA;NA;NA;NA;NA;NA;NA;NA;NA;0;1;0;1
2019-05-07;Arendonk 3;2019;5;7;NA;NA;NA;NA;NA;NA;NA;NA;NA;NA;0;1;0;1
2019-05-07;Arendonk 4;2019;5;7;NA;NA;NA;NA;NA;NA;NA;NA;NA;NA;0;1;0;1
2019-05-07;Kasterlee 11b;2019;5;7;NA;NA;NA;NA;NA;NA;NA;NA;NA;NA;0;1;0;1
2019-05-07;Kasterlee 3;2019;5;7;NA;NA;NA;NA;NA;NA;NA;NA;NA;NA;0;1;0;1
2019-05-07;Kasterlee 7;2019;5;7;NA;NA;NA;NA;NA;NA;NA;NA;NA;NA;0;1;0;1
2019-05-08;Nijlen B10;2019;5;8;22;47;10;11;1;NA;NA;3;94;90;68;3;22.666666666666668;1
2019-05-08;Nijlen B12;2019;5;8;NA;NA;NA;NA;NA;NA;NA;NA;NA;NA;0;1;0;1
2019-05-08;Nijlen B4;2019;5;8;NA;NA;NA;NA;NA;NA;NA;NA;NA;NA;0;2;0;1
2019-05-08;Nijlen B6;2019;5;8;NA;NA;NA;NA;NA;NA;NA;NA;NA;NA;0;1;0;1
2019-05-08;Nijlen B9;2019;5;8;1;NA;NA;NA;NA;NA;NA;NA;1;1;0;1;0;1
2019-05-16;Mol 1;2019;5;16;NA;NA;NA;NA;NA;NA;NA;NA;NA;NA;0;1;0;1
2019-05-16;Mol 14;2019;5;16;NA;NA;NA;NA;NA;NA;NA;NA;NA;NA;0;1;0;1
2019-05-16;Mol 3 & 5;2019;5;16;NA;NA;NA;NA;NA;NA;NA;NA;NA;NA;0;2;0;1
2019-05-16;Mol 34;2019;5;16;NA;NA;NA;NA;NA;NA;NA;NA;NA;NA;0;1;0;1
2019-05-16;Mol 39;2019;5;16;NA;NA;NA;NA;NA;NA;NA;NA;NA;NA;0;1;0;1
2019-05-16;Mol 42;2019;5;16;NA;NA;NA;NA;NA;NA;NA;NA;NA;NA;0;1;0;1
2019-05-16;Mol 43;2019;5;16;NA;NA;NA;NA;NA;NA;NA;NA;NA;NA;0;1;0;1
2019-05-17;Banaan;2019;5;17;NA;NA;NA;NA;NA;NA;NA;NA;NA;NA;0;1;0;1
2019-05-17;Bospoel;2019;5;17;NA;NA;NA;NA;NA;NA;NA;NA;NA;NA;0;2;0;1
2019-05-17;Driehoek;2019;5;17;NA;NA;NA;NA;NA;NA;NA;NA;NA;NA;0;2;0;1
2019-05-17;Natuurpuntpoel;2019;5;17;NA;NA;NA;NA;NA;NA;NA;NA;NA;NA;0;1;0;1
2019-05-17;Rechthoekigevijver 1;2019;5;17;NA;NA;NA;NA;NA;NA;NA;NA;NA;NA;0;1;0;1
2019-05-17;Rechthoekigevijver 2;2019;5;17;NA;NA;NA;NA;NA;NA;NA;NA;NA;NA;0;1;0;1
2019-05-21;Kasterlee 1;2019;5;21;NA;NA;NA;NA;NA;NA;NA;NA;NA;NA;0;2;0;1
2019-05-21;Kasterlee 12;2019;5;21;NA;NA;NA;NA;NA;NA;NA;NA;NA;NA;0;1;0;1
2019-05-21;Kasterlee 13;2019;5;21;NA;NA;NA;NA;NA;NA;NA;NA;NA;NA;0;1;0;1
2019-05-21;Kasterlee 2;2019;5;21;NA;NA;NA;NA;NA;NA;NA;NA;NA;NA;0;1;0;1
2019-05-21;Retiebaan 1;2019;5;21;NA;NA;NA;NA;NA;NA;NA;NA;NA;NA;0;2;0;1
2019-05-21;Retiebaan 2;2019;5;21;NA;NA;NA;NA;NA;NA;NA;NA;NA;NA;0;2;0;1
2019-05-21;Watermolen;2019;5;21;NA;NA;NA;NA;NA;NA;NA;NA;NA;NA;0;1;0;1
2019-05-22;Nijlen B10;2019;5;22;12;74;24;11;NA;NA;NA;3;124;121;109;3;36.333333333333336;1
2019-05-22;Nijlen B3b;2019;5;22;NA;NA;NA;NA;NA;NA;NA;NA;NA;NA;0;2;0;1
2019-05-22;Nijlen B5;2019;5;22;NA;NA;NA;NA;NA;NA;NA;NA;NA;NA;0;2;0;1
2019-05-22;Nijlen B9;2019;5;22;NA;2;NA;NA;NA;NA;NA;NA;2;2;2;1;2;1
2019-05-23;Nijlen B12;2019;5;23;NA;NA;NA;NA;NA;NA;NA;NA;NA;NA;0;2;0;2
2019-05-24;Nijlen B10;2019;5;24;43;55;NA;NA;NA;NA;NA;NA;134;128;85;6;28.333333333333332;2
2019-05-24;Nijlen B3b;2019;5;24;NA;NA;NA;NA;NA;NA;NA;NA;NA;NA;0;1;0;1
2019-05-24;Nijlen B4;2019;5;24;NA;NA;NA;NA;NA;NA;NA;NA;NA;NA;0;3;0;1
2019-05-24;Nijlen B9;2019;5;24;NA;4;NA;NA;NA;NA;NA;NA;4;4;4;1;4;1
2019-05-28;Arendonk 1;2019;5;28;NA;NA;NA;NA;NA;NA;NA;NA;NA;NA;0;1;0;1
2019-05-28;Arendonk 2;2019;5;28;NA;160;7;6;NA;NA;NA;NA;173;173;173;5;34.6;1
2019-05-28;Arendonk 3;2019;5;28;NA;NA;NA;NA;NA;NA;NA;NA;NA;NA;0;3;0;1
2019-05-28;Arendonk 4;2019;5;28;NA;NA;NA;NA;NA;NA;NA;NA;NA;NA;0;1;0;1
2019-05-29;Nijlen B10;2019;5;29;14;36;14;22;0;NA;NA;NA;86;86;72;3;24;1
2019-05-29;Nijlen B12;2019;5;29;NA;NA;NA;NA;NA;NA;NA;NA;NA;NA;0;1;0;1
2019-05-29;Nijlen B13;2019;5;29;NA;NA;NA;NA;NA;NA;NA;NA;NA;NA;0;2;0;1
2019-05-29;Nijlen B7;2019;5;29;NA;NA;NA;NA;NA;NA;NA;NA;NA;NA;0;1;0;1
2019-05-29;Nijlen B9;2019;5;29;NA;NA;NA;NA;NA;NA;NA;NA;NA;NA;0;1;0;1
2019-06-04;Arendonk 2;2019;6;4;3;238;29;15;NA;NA;NA;NA;285;285;282;9;31.333333333333332;1
2019-06-04;Arendonk 3;2019;6;4;NA;NA;NA;NA;NA;NA;NA;NA;NA;NA;0;1;0;1
2019-06-05;Arendonk 3;2019;6;5;NA;NA;NA;NA;NA;NA;NA;NA;NA;NA;0;1;0;1
2019-06-06;Arendonk 2;2019;6;6;NA;38;6;1;NA;NA;NA;NA;45;45;45;9;5;1
2019-06-06;Arendonk 3;2019;6;6;NA;NA;NA;NA;NA;NA;NA;NA;NA;NA;0;1;0;1
2019-06-06;Nijlen B10;2019;6;6;135;457;88;129;3;NA;1;NA;813;809;674;4;168.5;1
2019-06-06;Nijlen B15;2019;6;6;NA;NA;NA;NA;NA;NA;NA;1;1;NA;0;4;0;1
2019-06-07;Nijlen D5;2019;6;7;NA;NA;NA;NA;NA;NA;NA;NA;NA;NA;0;9;0;1
2019-06-18;Arendonk 2;2019;6;18;NA;9;6;4;NA;NA;NA;NA;19;19;19;5;3.8;1
2019-06-19;Arendonk 2;2019;6;19;NA;8;12;15;NA;NA;1;NA;36;35;35;5;7;1
2019-06-19;Scheps 10;2019;6;19;NA;NA;NA;NA;NA;NA;NA;NA;NA;NA;0;3;0;1
2019-06-19;Scheps 20;2019;6;19;NA;360;246;139;2;0;3;3;753;745;745;8;93.125;1
2019-06-19;Scheps 6;2019;6;19;NA;67;NA;1;NA;NA;NA;NA;68;68;68;1;68;1
2019-06-19;Scheps 8;2019;6;19;NA;NA;NA;NA;NA;NA;NA;NA;NA;NA;0;1;0;1
2019-06-20;Arendonk 2;2019;6;20;0;3;6;6;NA;NA;NA;NA;15;15;15;5;3;1
2019-06-20;Nijlen B10;2019;6;20;48;241;43;90;12;1;NA;2;437;422;374;7;53.42857142857143;1
2019-06-20;Scheps 20;2019;6;20;18;90;72;64;NA;NA;1;NA;245;244;226;8;28.25;1
2019-06-21;Nijlen B6;2019;6;21;NA;NA;NA;NA;NA;NA;NA;NA;NA;NA;0;2;0;1
2019-06-21;Scheps 20;2019;6;21;NA;22;33;44;1;NA;NA;NA;100;99;99;8;12.375;1
2019-06-21;Scheps 7;2019;6;21;20;77;28;20;NA;NA;NA;NA;145;145;125;3;41.666666666666664;1
2019-06-21;Scheps 9;2019;6;21;1;NA;NA;NA;NA;NA;NA;1;2;1;0;1;0;1
2019-06-22;Scheps 20;2019;6;22;NA;24;54;63;1;NA;1;1;144;141;141;8;17.625;1
2019-06-25;Kasterlee 1;2019;6;25;NA;NA;NA;NA;NA;NA;NA;NA;NA;NA;0;1;0;1
2019-06-25;Kasterlee 12;2019;6;25;NA;NA;NA;NA;NA;NA;NA;NA;NA;NA;0;1;0;1
2019-06-25;Kasterlee 13;2019;6;25;NA;NA;NA;NA;NA;NA;NA;NA;NA;NA;0;2;0;1
2019-06-25;Kasterlee 14;2019;6;25;NA;NA;NA;NA;NA;NA;NA;NA;NA;NA;0;1;0;1
2019-06-25;Kasterlee 2;2019;6;25;NA;NA;NA;NA;NA;NA;NA;NA;NA;NA;0;1;0;1
2019-06-25;Kasterlee 3;2019;6;25;NA;NA;NA;NA;NA;NA;NA;NA;NA;NA;0;1;0;1
2019-06-25;Kasterlee 7;2019;6;25;NA;NA;NA;NA;NA;NA;NA;NA;NA;NA;0;1;0;1
2019-06-25;Retiebaan 1;2019;6;25;NA;NA;NA;NA;NA;NA;NA;NA;NA;NA;0;1;0;1
2019-06-25;Watermolen;2019;6;25;NA;NA;NA;NA;NA;NA;NA;NA;NA;NA;0;1;0;1
2019-06-26;Bospoel;2019;6;26;NA;NA;NA;NA;NA;NA;NA;NA;NA;NA;0;1;0;1
2019-06-26;Driehoek;2019;6;26;NA;NA;NA;NA;NA;NA;NA;NA;NA;NA;0;1;0;1
2019-06-26;Natuurpuntpoel;2019;6;26;NA;NA;NA;NA;NA;NA;NA;NA;NA;NA;0;1;0;1
2019-06-26;Rechthoekigevijver 1;2019;6;26;NA;NA;NA;NA;NA;NA;NA;NA;NA;NA;0;1;0;1
2019-06-26;Rechthoekigevijver 2;2019;6;26;NA;NA;NA;NA;NA;NA;NA;NA;NA;NA;0;1;0;1
2019-06-27;Arendonk 2;2019;6;27;NA;NA;NA;NA;NA;NA;NA;NA;NA;NA;8;5;2;2
2019-06-27;Nijlen B10;2019;6;27;162;123;80;89;16;NA;NA;NA;470;454;292;8;36.5;1
2019-06-27;Nijlen B9;2019;6;27;NA;1;NA;NA;NA;NA;1;NA;2;1;1;2;0.5;1
2019-06-28;Nijlen B2;2019;6;28;NA;NA;NA;NA;NA;NA;NA;NA;NA;NA;0;12;0;1
2019-07-02;Arendonk 2;2019;7;2;NA;2;11;26;NA;NA;NA;NA;39;39;39;5;7.8;1
2019-07-02;Mol 1;2019;7;2;NA;NA;NA;NA;NA;NA;NA;NA;NA;NA;0;1;0;1
2019-07-02;Mol 14;2019;7;2;NA;NA;NA;NA;NA;NA;NA;NA;NA;NA;0;1;0;1
2019-07-02;Mol 3 & 5;2019;7;2;NA;NA;NA;NA;NA;NA;NA;NA;NA;NA;0;1;0;1
2019-07-02;Mol 42;2019;7;2;NA;NA;NA;NA;NA;NA;NA;NA;NA;NA;0;1;0;1
2019-07-02;Mol 43;2019;7;2;NA;NA;NA;NA;NA;NA;NA;NA;NA;NA;0;2;0;1
2019-07-09;Arendonk 2;2019;7;9;NA;1;4;18;NA;NA;NA;NA;23;23;23;5;4.6;1
2019-07-09;Kasterlee 1;2019;7;9;NA;NA;NA;NA;NA;NA;NA;NA;NA;NA;0;1;0;1
2019-07-09;Kasterlee 14;2019;7;9;NA;NA;NA;NA;NA;NA;NA;NA;NA;NA;0;1;0;1
2019-07-09;Kasterlee 2;2019;7;9;NA;NA;NA;NA;NA;NA;NA;NA;NA;NA;0;1;0;1
2019-07-09;Kasterlee 3;2019;7;9;NA;NA;NA;NA;NA;NA;NA;NA;NA;NA;0;1;0;1
2019-07-09;Retiebaan 2;2019;7;9;NA;NA;NA;NA;NA;NA;NA;NA;NA;NA;0;1;0;1
2019-07-17;Scheps 10;2019;7;17;NA;NA;NA;NA;NA;1;NA;NA;1;NA;0;1;0;1
2019-07-17;Scheps 11;2019;7;17;NA;NA;NA;NA;NA;NA;NA;NA;NA;NA;0;1;0;1
2019-07-17;Scheps 6;2019;7;17;NA;71;83;32;1;NA;NA;NA;187;186;186;5;37.2;1
2019-07-17;Scheps 7;2019;7;17;NA;110;104;105;12;NA;NA;NA;331;319;319;4;79.75;1
2019-07-17;Scheps 8;2019;7;17;NA;NA;NA;NA;NA;NA;NA;NA;NA;NA;0;1;0;1
2019-07-17;Scheps 9;2019;7;17;NA;NA;NA;NA;NA;NA;NA;NA;NA;NA;0;1;0;1
2019-07-18;Scheps 6;2019;7;18;NA;29;33;14;NA;NA;NA;1;77;76;76;5;15.2;1
2019-07-18;Scheps 7;2019;7;18;NA;28;24;33;2;NA;NA;NA;87;85;85;4;21.25;1
2019-07-19;Nijlen B1;2019;7;19;NA;NA;NA;NA;NA;NA;NA;NA;NA;NA;0;2;0;1
2019-07-19;Scheps 20;2019;7;19;NA;1;8;56;15;16;2;2;100;65;65;4;16.25;1
2019-07-19;Scheps 6;2019;7;19;NA;22;51;18;NA;NA;NA;1;92;91;91;5;18.2;1
2019-07-19;Scheps 7;2019;7;19;NA;13;11;7;3;NA;NA;NA;34;31;31;4;7.75;1
2019-07-20;Nijlen D3;2019;7;20;NA;NA;NA;NA;NA;NA;NA;NA;NA;NA;0;5;0;1
2019-07-31;Bospoel;2019;7;31;NA;NA;NA;NA;NA;NA;NA;NA;NA;NA;0;1;0;1
2019-07-31;Driehoek;2019;7;31;NA;NA;NA;NA;NA;NA;NA;NA;NA;NA;0;1;0;1
2019-07-31;Moerbeemdweg;2019;7;31;1368;NA;0;3;NA;NA;1;NA;1372;1371;3;11;0.2727272727272727;1
2019-07-31;Natuurpuntpoel;2019;7;31;NA;NA;NA;NA;NA;NA;NA;NA;NA;NA;0;1;0;1
2019-07-31;Rechthoekigevijver 1;2019;7;31;NA;NA;NA;NA;NA;NA;NA;NA;NA;NA;0;1;0;1
2019-07-31;Rechthoekigevijver 2;2019;7;31;NA;NA;NA;NA;NA;NA;NA;NA;NA;NA;0;1;0;1
2019-08-07;Arendonk 2;2019;8;7;NA;NA;NA;1;NA;NA;NA;NA;1;1;1;5;0.2;1
2019-08-07;Arendonk 2b;2019;8;7;NA;NA;NA;NA;NA;NA;NA;NA;NA;NA;0;1;0;1
2019-08-07;Arendonk 3;2019;8;7;NA;NA;NA;NA;NA;NA;NA;NA;NA;NA;0;1;0;1
2019-08-07;Arendonk 4;2019;8;7;NA;NA;NA;NA;NA;NA;NA;NA;NA;NA;0;1;0;1
2019-08-21;Scheps 10;2019;8;21;NA;NA;NA;NA;NA;3;NA;NA;3;NA;0;1;0;1
2019-08-21;Scheps 11;2019;8;21;NA;NA;NA;NA;NA;NA;NA;NA;NA;NA;0;1;0;1
2019-08-21;Scheps 20;2019;8;21;4;6;NA;9;16;8;1;2;46;19;15;5;3;1
2019-08-21;Scheps 6;2019;8;21;7;NA;7;19;NA;NA;NA;NA;33;33;26;2;13;1
2019-08-21;Scheps 7;2019;8;21;NA;NA;1;23;1;NA;NA;NA;25;24;24;2;12;1
2019-08-21;Scheps 9;2019;8;21;NA;NA;NA;NA;NA;NA;NA;NA;NA;NA;0;1;0;1
2019-08-22;Kasterlee 1;2019;8;22;NA;NA;NA;NA;NA;NA;NA;NA;NA;NA;0;1;0;1
2019-08-22;Kasterlee 12;2019;8;22;NA;NA;NA;NA;NA;NA;NA;NA;NA;NA;0;1;0;1
2019-08-22;Kasterlee 13;2019;8;22;NA;NA;NA;NA;NA;NA;NA;NA;NA;NA;0;1;0;1
2019-08-22;Kasterlee 14;2019;8;22;NA;NA;NA;NA;NA;NA;NA;NA;NA;NA;0;1;0;1
2019-08-22;Kasterlee 2;2019;8;22;NA;NA;NA;NA;NA;NA;NA;NA;NA;NA;0;1;0;1
2019-08-22;Kasterlee 3;2019;8;22;NA;NA;NA;NA;NA;NA;NA;NA;NA;NA;0;1;0;1
2019-08-22;Retiebaan 2;2019;8;22;NA;NA;NA;NA;NA;NA;NA;NA;NA;NA;0;2;0;2
2019-08-22;Scheps 20;2019;8;22;1;8;NA;8;5;17;NA;2;41;17;16;5;3.2;1
2019-08-22;Scheps 6;2019;8;22;NA;NA;NA;NA;NA;NA;NA;2;2;NA;0;2;0;1
2019-08-22;Scheps 7;2019;8;22;NA;NA;NA;22;1;NA;NA;NA;23;22;22;2;11;1
2019-08-23;Scheps 20;2019;8;23;NA;5;NA;6;10;29;NA;4;54;11;11;9;1.2222222222222223;1
2019-08-23;Scheps 6;2019;8;23;10;1;6;3;NA;NA;NA;NA;20;20;10;2;5;1
2019-08-23;Scheps 7;2019;8;23;NA;1;NA;2;6;NA;NA;NA;9;3;3;2;1.5;1
2019-08-24;Scheps 20;2019;8;24;NA;2;1;9;5;32;NA;1;50;12;12;9;1.3333333333333333;1
2019-08-27;Arendonk 2;2019;8;27;NA;NA;NA;NA;NA;NA;NA;NA;NA;NA;0;2;0;1
2019-08-27;Arendonk 2b;2019;8;27;NA;NA;NA;NA;NA;NA;NA;NA;NA;NA;0;1;0;1
2019-08-27;Arendonk 4;2019;8;27;NA;NA;NA;NA;NA;NA;NA;NA;NA;NA;0;2;0;1
2019-08-28;Nijlen B10;2019;8;28;NA;NA;1;74;15;21;1;NA;112;75;75;3;25;1
2019-08-29;Nijlen B10;2019;8;29;1;2;NA;65;67;77;NA;NA;212;68;67;7;9.571428571428571;1
2019-08-29;Nijlen B3b;2019;8;29;NA;NA;NA;NA;NA;1;NA;NA;1;NA;0;2;0;1
2019-08-29;Nijlen B4;2019;8;29;NA;NA;NA;NA;NA;NA;NA;NA;NA;NA;0;3;0;1
2019-08-30;Nijlen B10;2019;8;30;1;2;NA;70;67;73;NA;NA;213;73;72;7;10.285714285714286;1
2019-08-30;Nijlen B6;2019;8;30;NA;NA;NA;NA;NA;NA;NA;NA;NA;NA;0;3;0;1
2019-08-30;Nijlen B7;2019;8;30;NA;NA;NA;NA;NA;NA;NA;NA;NA;NA;0;2;0;1
2019-09-13;Nijlen D3;2019;9;13;NA;NA;NA;NA;NA;NA;NA;NA;NA;NA;0;6;0;1
2019-09-13;Nijlen D5;2019;9;13;NA;NA;14;6;NA;NA;NA;NA;20;20;20;6;3.3333333333333335;1
2019-09-17;Arendonk 2;2019;9;17;NA;NA;NA;NA;NA;NA;NA;NA;NA;NA;0;6;0;2
2019-09-17;Arendonk 3;2019;9;17;NA;NA;NA;NA;NA;NA;NA;NA;NA;NA;0;7;0;3
2019-09-18;Scheps 10;2019;9;18;NA;NA;NA;NA;NA;1;NA;NA;1;NA;0;1;0;1
2019-09-18;Scheps 20;2019;9;18;18;10;NA;NA;NA;11;NA;NA;39;28;10;5;2;1
2019-09-18;Scheps 6;2019;9;18;1;NA;NA;NA;NA;NA;NA;NA;1;1;0;3;0;1
2019-09-19;Scheps 2;2019;9;19;519;335;38;43;21;18;NA;4;978;935;416;4;104;1
2019-09-19;Scheps 20;2019;9;19;16;5;2;NA;NA;10;NA;NA;33;23;7;5;1.4;1
2019-09-19;Scheps 6;2019;9;19;NA;NA;NA;NA;NA;NA;NA;NA;NA;NA;0;3;0;1
2019-09-19;Scheps 7;2019;9;19;NA;NA;NA;NA;NA;NA;NA;NA;NA;NA;0;1;0;1
2019-09-20;Scheps 20;2019;9;20;51;NA;NA;NA;NA;16;NA;NA;71;54;3;9;0.6;2
2019-09-20;Scheps 6;2019;9;20;NA;NA;NA;NA;NA;NA;NA;NA;NA;NA;0;3;0;1
2019-09-20;Scheps 7;2019;9;20;NA;NA;NA;NA;NA;NA;NA;NA;NA;NA;0;1;0;1
2019-09-24;Kasterlee 1;2019;9;24;NA;NA;NA;NA;NA;NA;NA;NA;NA;NA;0;1;0;1
2019-09-24;Kasterlee 12;2019;9;24;NA;NA;NA;NA;NA;NA;NA;NA;NA;NA;0;1;0;1
2019-09-24;Kasterlee 13;2019;9;24;NA;NA;NA;NA;NA;NA;NA;NA;NA;NA;0;1;0;1
2019-09-24;Kasterlee 14;2019;9;24;NA;NA;NA;NA;NA;NA;NA;NA;NA;NA;0;1;0;1
2019-09-24;Kasterlee 2;2019;9;24;NA;NA;NA;NA;NA;NA;NA;NA;NA;NA;0;1;0;1
2019-09-24;Kasterlee 3;2019;9;24;NA;NA;NA;NA;NA;NA;NA;NA;NA;NA;0;1;0;1
2019-09-24;Retiebaan 1;2019;9;24;NA;NA;NA;NA;NA;NA;NA;NA;NA;NA;0;1;0;1
2019-09-24;Retiebaan 2;2019;9;24;NA;NA;NA;NA;NA;NA;NA;NA;NA;NA;0;1;0;1
2019-09-26;Nijlen B10;2019;9;26;593;NA;NA;2;1;4;NA;NA;600;595;2;6;0.3333333333333333;1
2019-09-27;Nijlen B10;2019;9;27;310;NA;NA;4;3;6;1;1;325;314;4;6;0.6666666666666666;1
2019-09-27;Nijlen B11;2019;9;27;NA;NA;26;NA;NA;NA;1;NA;27;26;26;2;13;1
2019-09-27;Nijlen B13;2019;9;27;NA;NA;NA;NA;NA;NA;NA;NA;NA;NA;0;3;0;1
2019-10-16;Scheps 10;2019;10;16;NA;NA;NA;NA;NA;NA;NA;NA;NA;NA;0;1;0;1
2019-10-16;Scheps 20;2019;10;16;2;4;NA;NA;NA;17;NA;NA;23;6;4;7;0.5714285714285714;1
2019-10-16;Scheps 6;2019;10;16;9;NA;NA;NA;NA;NA;NA;NA;9;9;0;3;0;1
2019-10-16;Scheps 7;2019;10;16;NA;NA;NA;NA;NA;NA;NA;NA;NA;NA;0;1;0;1
2019-10-16;Scheps 8;2019;10;16;NA;NA;NA;NA;NA;NA;NA;NA;NA;NA;0;1;0;1
2019-10-17;Scheps 10;2019;10;17;NA;NA;NA;NA;NA;NA;NA;NA;NA;NA;0;1;0;1
2019-10-17;Scheps 20;2019;10;17;7;2;1;1;NA;17;NA;NA;28;11;4;7;0.5714285714285714;1
2019-10-17;Scheps 6;2019;10;17;4;2;NA;1;NA;NA;NA;NA;7;7;3;3;1;1
2019-10-17;Scheps 7;2019;10;17;NA;NA;NA;NA;NA;NA;NA;NA;NA;NA;0;1;0;1
2019-10-17;Scheps 8;2019;10;17;NA;NA;NA;NA;NA;NA;NA;NA;NA;NA;0;1;0;1
2019-10-18;Scheps 10;2019;10;18;NA;NA;NA;NA;NA;NA;NA;NA;NA;NA;0;1;0;1
2019-10-18;Scheps 20;2019;10;18;17;2;2;NA;NA;5;NA;NA;26;21;4;7;0.5714285714285714;1
2019-10-18;Scheps 6;2019;10;18;32;15;NA;1;NA;NA;NA;NA;48;48;16;3;5.333333333333333;1
2019-10-18;Scheps 7;2019;10;18;NA;NA;NA;NA;NA;NA;NA;NA;NA;NA;0;1;0;1
2019-10-18;Scheps 8;2019;10;18;NA;NA;NA;NA;NA;NA;NA;NA;NA;NA;0;1;0;1
2019-10-25;Bospoel;2019;10;25;NA;NA;NA;NA;NA;NA;NA;NA;NA;NA;0;1;0;1
2019-10-25;Driehoek;2019;10;25;NA;NA;NA;NA;NA;NA;NA;NA;NA;NA;0;1;0;1
2019-10-25;Natuurpuntpoel;2019;10;25;NA;NA;NA;NA;NA;NA;NA;NA;NA;NA;0;1;0;1
2019-10-25;Rechthoekigevijver 1;2019;10;25;NA;NA;NA;NA;NA;NA;NA;NA;NA;NA;0;1;0;1
2019-10-25;Rechthoekigevijver 2;2019;10;25;NA;NA;NA;NA;NA;NA;NA;NA;NA;NA;0;1;0;1
2019-10-28;Nijlen B11;2019;10;28;22;NA;NA;NA;NA;NA;NA;NA;22;22;0;2;0;1
2019-10-29;Nijlen B10;2019;10;29;46;1;NA;NA;NA;NA;NA;NA;47;47;1;6;0.16666666666666666;1
2019-10-31;Nijlen D5;2019;10;31;NA;NA;NA;NA;NA;NA;NA;NA;NA;NA;0;11;0;1
2020-04-23;Arendonk 1;2020;4;23;NA;NA;NA;NA;NA;NA;NA;NA;NA;NA;0;2;0;1
2020-04-24;Arendonk 2;2020;4;24;NA;NA;NA;NA;NA;NA;NA;NA;NA;NA;0;6;0;1
2020-04-24;Arendonk 3;2020;4;24;NA;NA;NA;NA;NA;NA;NA;NA;NA;NA;0;2;0;1
2020-04-28;Arendonk-visput;2020;4;28;NA;NA;NA;NA;NA;NA;NA;NA;NA;NA;0;3;0;1
2020-04-28;Arendonk 4;2020;4;28;NA;NA;NA;NA;NA;NA;NA;NA;NA;NA;0;1;0;1
2020-04-28;Griesbroek 3;2020;4;28;NA;46;14;19;NA;NA;1;NA;80;79;79;1;79;1
2020-04-28;Griesbroek 4;2020;4;28;NA;104;8;NA;NA;NA;NA;NA;112;112;112;2;56;1
2020-04-28;Griesbroek 5;2020;4;28;NA;38;3;2;NA;NA;NA;NA;43;43;43;2;21.5;1
2020-04-28;Griesbroek 7;2020;4;28;NA;12;NA;NA;NA;NA;NA;NA;12;12;12;2;6;1
2020-04-29;Griesbroek 3;2020;4;29;NA;15;9;15;1;NA;NA;NA;40;39;39;1;39;1
2020-04-29;Griesbroek 4;2020;4;29;NA;8;NA;NA;NA;5;NA;NA;13;8;8;2;4;1
2020-04-29;Griesbroek 5;2020;4;29;NA;4;2;1;1;NA;NA;NA;8;7;7;2;3.5;1
2020-04-29;Griesbroek 7;2020;4;29;NA;4;NA;NA;NA;NA;1;1;6;4;4;2;2;1
2020-04-30;Griesbroek 3;2020;4;30;NA;28;12;11;NA;1;NA;1;53;51;51;2;25.5;1
2020-04-30;Griesbroek 4;2020;4;30;NA;5;NA;NA;NA;NA;NA;NA;5;5;5;2;2.5;1
2020-04-30;Griesbroek 5;2020;4;30;NA;31;NA;1;NA;NA;NA;NA;32;32;32;2;16;1
2020-04-30;Griesbroek 7;2020;4;30;NA;8;NA;NA;NA;NA;NA;NA;8;8;8;4;2;1
2020-05-06;Griesbroek 3;2020;5;6;NA;45;58;43;1;NA;NA;NA;147;146;146;2;73;1
2020-05-06;Griesbroek 4;2020;5;6;NA;137;7;5;NA;NA;NA;NA;149;149;149;2;74.5;1
2020-05-06;Griesbroek 5;2020;5;6;NA;125;13;8;NA;NA;NA;NA;146;146;146;3;48.666666666666664;1
2020-05-06;Griesbroek 7;2020;5;6;NA;1;NA;NA;NA;NA;NA;NA;1;1;1;3;0.3333333333333333;1
2020-05-06;Nijlen B10;2020;5;6;33;NA;NA;NA;NA;NA;NA;NA;39;38;5;4;1.6666666666666667;2
2020-05-06;Nijlen B12;2020;5;6;NA;NA;NA;NA;NA;NA;NA;NA;NA;NA;0;1;0;1
2020-05-06;Nijlen B13;2020;5;6;NA;NA;NA;NA;NA;NA;NA;NA;NA;NA;0;2;0;2
2020-05-06;Nijlen B6;2020;5;6;NA;NA;NA;NA;NA;NA;NA;NA;NA;NA;0;1;0;1
2020-05-06;Nijlen B7;2020;5;6;NA;NA;NA;NA;NA;NA;NA;NA;NA;NA;0;2;0;2
2020-05-06;Nijlen B9;2020;5;6;NA;NA;NA;NA;NA;NA;NA;NA;NA;NA;0;2;0;2
2020-05-07;Griesbroek 3;2020;5;7;NA;8;15;18;1;NA;NA;NA;42;41;41;2;20.5;1
2020-05-07;Griesbroek 4;2020;5;7;NA;51;1;NA;NA;NA;NA;1;53;52;52;2;26;1
2020-05-07;Griesbroek 5;2020;5;7;NA;212;19;10;2;NA;NA;NA;243;241;241;3;80.33333333333333;1
2020-05-07;Griesbroek 6;2020;5;7;NA;427;33;27;NA;NA;4;1;492;487;487;3;162.33333333333334;1
2020-05-07;Griesbroek 7;2020;5;7;NA;14;NA;NA;NA;NA;NA;NA;14;14;14;3;4.666666666666667;1
2020-05-08;Griesbroek 3;2020;5;8;NA;4;6;10;NA;NA;1;NA;21;20;20;2;10;1
2020-05-08;Griesbroek 4;2020;5;8;NA;23;4;NA;NA;NA;NA;NA;27;27;27;2;13.5;1
2020-05-08;Griesbroek 5;2020;5;8;NA;62;7;8;NA;NA;0;1;78;77;77;3;25.666666666666668;1
2020-05-08;Griesbroek 6;2020;5;8;NA;188;2;20;NA;NA;2;1;213;210;210;3;70;1
2020-05-08;Griesbroek 7;2020;5;8;NA;20;NA;NA;NA;NA;2;NA;22;20;20;3;6.666666666666667;1
2020-05-09;Griesbroek 3;2020;5;9;NA;5;13;14;NA;NA;1;1;34;32;32;2;16;1
2020-05-09;Griesbroek 5;2020;5;9;NA;60;4;6;1;1;NA;NA;72;70;70;3;23.333333333333332;1
2020-05-09;Griesbroek 6;2020;5;9;NA;297;17;31;NA;NA;4;1;350;345;345;2;172.5;1
2020-05-09;Griesbroek 7;2020;5;9;NA;13;NA;NA;NA;NA;1;NA;14;13;13;3;4.333333333333333;1
2020-05-12;Kasterlee 1;2020;5;12;NA;NA;NA;NA;NA;NA;NA;NA;NA;NA;0;1;0;1
2020-05-12;Kasterlee 12;2020;5;12;NA;NA;NA;NA;NA;NA;NA;NA;NA;NA;0;1;0;1
2020-05-12;Kasterlee 13;2020;5;12;NA;NA;NA;NA;NA;NA;NA;NA;NA;NA;0;1;0;1
2020-05-12;Kasterlee 14;2020;5;12;NA;NA;NA;NA;NA;NA;NA;NA;NA;NA;0;1;0;1
2020-05-12;Kasterlee 2;2020;5;12;NA;NA;NA;NA;NA;NA;NA;NA;NA;NA;0;1;0;1
2020-05-12;Kasterlee 3;2020;5;12;NA;NA;NA;NA;NA;NA;NA;NA;NA;NA;0;1;0;1
2020-05-12;Kasterlee 7;2020;5;12;NA;NA;NA;NA;NA;NA;NA;NA;NA;NA;0;1;0;1
2020-05-12;Retiebaan 1;2020;5;12;NA;NA;NA;NA;NA;NA;NA;NA;NA;NA;0;1;0;1
2020-05-12;Retiebaan 2;2020;5;12;NA;NA;NA;NA;NA;NA;NA;NA;NA;NA;0;1;0;1
2020-05-13;Griesbroek 3;2020;5;13;NA;31;19;29;NA;NA;NA;NA;79;79;79;2;39.5;1
2020-05-13;Griesbroek 4;2020;5;13;NA;1;NA;NA;NA;NA;NA;NA;1;1;1;1;1;1
2020-05-13;Griesbroek 6;2020;5;13;NA;488;34;53;1;1;2;1;580;575;575;5;115;1
2020-05-13;Griesbroek 7;2020;5;13;NA;47;NA;NA;NA;NA;NA;NA;49;49;48;4;21.333333333333336;2
2020-05-13;Nijlen B10;2020;5;13;59;NA;NA;NA;NA;4;NA;NA;70;66;7;5;1.75;2
2020-05-13;Nijlen B11;2020;5;13;NA;51;3;NA;NA;NA;NA;NA;55;55;55;2;55;2
2020-05-14;Nijlen B10;2020;5;14;62;NA;NA;NA;NA;NA;NA;NA;63;63;1;5;0.25;2
2020-05-14;Nijlen B11;2020;5;14;NA;75;NA;NA;NA;NA;NA;NA;80;80;80;5;37.33333333333333;3
2020-05-14;Nijlen B9;2020;5;14;NA;NA;NA;NA;NA;NA;NA;NA;NA;NA;0;1;0;1
2020-05-15;Griesbroek 3;2020;5;15;NA;68;24;27;NA;NA;NA;NA;119;119;119;2;59.5;1
2020-05-15;Griesbroek 4;2020;5;15;NA;12;1;1;NA;NA;NA;NA;14;14;14;1;14;1
2020-05-15;Griesbroek 6;2020;5;15;NA;1401;74;79;3;NA;NA;NA;1557;1554;1554;5;310.8;1
2020-05-15;Griesbroek 7;2020;5;15;NA;42;4;NA;NA;NA;NA;NA;47;47;47;4;25.666666666666664;2
2020-05-16;Griesbroek 6;2020;5;16;NA;161;51;25;1;1;2;NA;241;237;237;5;47.4;1
2020-05-16;Griesbroek 7;2020;5;16;NA;47;NA;NA;NA;NA;NA;NA;53;52;52;4;26.666666666666664;2
2020-05-21;Griesbroek 6;2020;5;21;NA;366;73;59;NA;NA;8;7;514;498;498;7;180;3
2020-05-21;Scheps 20;2020;5;21;NA;133;NA;1;NA;2;NA;1;137;134;134;4;33.5;1
2020-05-22;Griesbroek 6;2020;5;22;NA;331;57;58;NA;NA;11;4;464;446;446;7;237.75;3
2020-05-22;Scheps 20;2020;5;22;NA;115;4;NA;NA;3;NA;NA;122;119;119;4;29.75;1
2020-05-23;Griesbroek 6;2020;5;23;NA;330;49;44;NA;NA;6;NA;438;423;423;8;151.1;3
2020-05-23;Scheps 20;2020;5;23;NA;104;3;NA;NA;2;NA;NA;109;107;107;4;26.75;1
2020-05-27;Nijlen D2;2020;5;27;NA;NA;NA;NA;NA;NA;NA;NA;NA;NA;0;1;0;1
2020-05-28;Arendonk-visput;2020;5;28;NA;NA;NA;NA;NA;NA;NA;NA;NA;NA;0;2;0;1
2020-05-28;Arendonk 1;2020;5;28;NA;NA;NA;NA;NA;NA;NA;NA;NA;NA;0;4;0;2
2020-05-28;Arendonk 4;2020;5;28;NA;NA;NA;NA;NA;NA;NA;NA;NA;NA;0;2;0;1
2020-05-28;Nijlen D1;2020;5;28;NA;NA;NA;NA;NA;NA;NA;NA;NA;NA;0;8;0;2
2020-05-28;Nijlen D2;2020;5;28;NA;NA;NA;NA;NA;NA;NA;NA;NA;NA;0;1;0;1
2020-05-28;Nijlen D3;2020;5;28;NA;NA;NA;NA;NA;NA;NA;NA;NA;NA;0;3;0;1
2020-05-29;Nijlen B10;2020;5;29;NA;69;NA;NA;4;6;NA;NA;79;69;69;5;22.5;2
2020-06-05;Nijlen B10;2020;6;5;NA;23;NA;NA;3;14;1;NA;41;23;23;4;5.75;1
2020-06-05;Nijlen B11;2020;6;5;NA;362;14;8;NA;NA;NA;NA;384;384;384;6;128;2
2020-06-05;Nijlen B12;2020;6;5;NA;NA;NA;NA;NA;NA;NA;NA;NA;NA;0;1;0;1
2020-06-10;Nijlen B11;2020;6;10;NA;198;22;2;NA;NA;NA;NA;222;222;222;4;55.5;1
2020-06-10;Nijlen B3b;2020;6;10;NA;NA;NA;NA;NA;1;NA;NA;1;NA;0;2;0;1
2020-06-10;Nijlen B5;2020;6;10;NA;NA;NA;NA;NA;NA;NA;NA;NA;NA;0;2;0;1
2020-06-10;Nijlen B6;2020;6;10;NA;NA;NA;NA;NA;NA;NA;NA;NA;NA;0;2;0;1
2020-06-10;Nijlen B7;2020;6;10;NA;NA;NA;NA;NA;NA;NA;NA;NA;NA;0;2;0;1
2020-06-16;Kasterlee 1;2020;6;16;NA;NA;NA;NA;NA;NA;NA;NA;NA;NA;0;1;0;1
2020-06-16;Kasterlee 12;2020;6;16;NA;NA;NA;NA;NA;NA;NA;NA;NA;NA;0;1;0;1
2020-06-16;Kasterlee 13;2020;6;16;NA;NA;NA;NA;NA;NA;NA;NA;NA;NA;0;2;0;1
2020-06-16;Kasterlee 2;2020;6;16;NA;NA;NA;NA;NA;NA;NA;NA;NA;NA;0;2;0;1
2020-06-16;Kasterlee 3;2020;6;16;NA;NA;NA;NA;NA;NA;NA;NA;NA;NA;0;2;0;1
2020-06-16;Kasterlee 7;2020;6;16;NA;NA;NA;NA;NA;NA;NA;NA;NA;NA;0;1;0;1
2020-06-18;Kasterlee 14;2020;6;18;NA;NA;NA;NA;NA;NA;NA;NA;NA;NA;0;2;0;1
2020-06-18;Kasterlee 9;2020;6;18;NA;NA;NA;NA;NA;NA;NA;NA;NA;NA;0;2;0;1
2020-06-18;Retiebaan 1;2020;6;18;NA;NA;NA;NA;NA;NA;NA;NA;NA;NA;0;2;0;1
2020-06-18;Retiebaan 2;2020;6;18;NA;NA;NA;NA;NA;NA;NA;NA;NA;NA;0;2;0;1
2020-06-18;Retiebaan 3;2020;6;18;NA;NA;NA;NA;NA;NA;NA;NA;NA;NA;0;1;0;1
2020-06-23;Arendonk-visput;2020;6;23;NA;NA;NA;NA;NA;NA;NA;NA;NA;NA;0;2;0;1
2020-06-23;Arendonk 1;2020;6;23;NA;NA;NA;NA;NA;NA;NA;NA;NA;NA;0;2;0;1
2020-06-23;Arendonk 2;2020;6;23;NA;NA;NA;NA;NA;NA;NA;NA;NA;NA;0;2;0;1
2020-06-23;Arendonk 2b;2020;6;23;NA;NA;NA;NA;NA;NA;NA;NA;NA;NA;0;1;0;1
2020-06-23;Arendonk 3;2020;6;23;NA;NA;NA;NA;NA;NA;1;NA;1;NA;0;2;0;1
2020-06-23;Arendonk 4;2020;6;23;NA;NA;NA;NA;NA;NA;NA;2;2;NA;0;2;0;2
2020-06-24;Nijlen G8;2020;6;24;NA;NA;NA;NA;NA;NA;NA;NA;NA;NA;0;4;0;1
2020-06-24;Nijlen L10;2020;6;24;NA;NA;NA;NA;NA;NA;NA;NA;NA;NA;0;4;0;1
2020-06-25;Nijlen G8;2020;6;25;NA;NA;NA;NA;NA;NA;NA;NA;NA;NA;0;4;0;1
2020-06-25;Nijlen L10;2020;6;25;NA;NA;NA;NA;NA;NA;NA;NA;NA;NA;0;4;0;1
2020-06-25;Nijlen L3;2020;6;25;NA;NA;NA;NA;NA;NA;NA;NA;NA;NA;0;4;0;1
2020-06-25;Thielen;2020;6;25;NA;NA;NA;NA;NA;NA;NA;NA;NA;NA;0;1;0;1
2020-06-25;Watermolen;2020;6;25;NA;NA;NA;NA;NA;NA;NA;NA;NA;NA;0;1;0;1
2020-06-26;Nijlen G8;2020;6;26;NA;NA;NA;NA;NA;NA;NA;NA;NA;NA;0;4;0;1
2020-06-26;Nijlen L10;2020;6;26;NA;NA;NA;NA;NA;NA;NA;NA;NA;NA;0;4;0;1
2020-06-26;Nijlen L3;2020;6;26;NA;NA;NA;NA;NA;NA;NA;NA;NA;NA;0;4;0;1
2020-06-27;Nijlen G8;2020;6;27;NA;NA;NA;NA;NA;NA;NA;NA;NA;NA;0;4;0;1
2020-06-27;Nijlen L3;2020;6;27;NA;NA;NA;NA;NA;NA;NA;NA;NA;NA;0;4;0;1
2020-07-01;Laakdal 3;2020;7;1;NA;NA;NA;NA;NA;7;2;NA;9;NA;0;5;0;1
2020-07-01;Laakdal 9;2020;7;1;NA;NA;NA;NA;1;53;NA;NA;54;NA;0;4;0;1
2020-07-02;Laakdal 10;2020;7;2;NA;NA;NA;NA;NA;4;NA;NA;4;NA;0;2;0;1
2020-07-02;Laakdal 3;2020;7;2;NA;NA;NA;NA;NA;6;NA;NA;6;NA;0;5;0;1
2020-07-02;Laakdal 9;2020;7;2;NA;NA;NA;NA;1;25;NA;NA;26;NA;0;4;0;1
2020-07-03;Laakdal 10;2020;7;3;NA;NA;NA;NA;NA;9;NA;NA;9;NA;0;2;0;1
2020-07-03;Laakdal 3;2020;7;3;NA;NA;NA;NA;NA;7;NA;NA;7;NA;0;5;0;1
2020-07-03;Laakdal 9;2020;7;3;NA;NA;NA;NA;NA;13;NA;NA;13;NA;0;4;0;1
2020-07-03;Nijlen G2;2020;7;3;NA;NA;NA;NA;NA;NA;NA;NA;NA;NA;0;12;0;1
2020-07-04;Nijlen G2;2020;7;4;NA;NA;NA;NA;NA;NA;NA;NA;NA;NA;0;12;0;1
2020-07-07;Kasterlee 1;2020;7;7;NA;NA;NA;NA;NA;NA;NA;NA;NA;NA;0;1;0;1
2020-07-07;Kasterlee 12;2020;7;7;NA;NA;NA;NA;NA;NA;NA;NA;NA;NA;0;2;0;1
2020-07-07;Kasterlee 13;2020;7;7;NA;NA;NA;NA;NA;NA;NA;NA;NA;NA;0;2;0;1
2020-07-07;Kasterlee 3;2020;7;7;NA;NA;NA;NA;NA;NA;NA;NA;NA;NA;0;2;0;1
2020-07-07;Kasterlee 7;2020;7;7;NA;NA;NA;NA;NA;NA;NA;NA;NA;NA;0;1;0;1
2020-07-07;Laakdal 29a;2020;7;7;NA;NA;NA;NA;NA;NA;NA;NA;NA;NA;0;1;0;1
2020-07-07;Laakdal 29b;2020;7;7;NA;NA;NA;NA;NA;1;NA;NA;1;NA;0;1;0;1
2020-07-07;Laakdal 30;2020;7;7;NA;NA;NA;NA;NA;NA;NA;NA;NA;NA;0;1;0;1
2020-07-07;Laakdal 30a;2020;7;7;NA;NA;NA;NA;NA;NA;NA;NA;NA;NA;0;2;0;2
2020-07-07;Laakdal 30b;2020;7;7;NA;NA;NA;NA;NA;2;NA;NA;2;NA;0;3;0;1
2020-07-07;Laakdal 30c;2020;7;7;NA;NA;NA;NA;NA;NA;NA;NA;NA;NA;0;2;0;1
2020-07-08;Laakdal 29a;2020;7;8;NA;NA;NA;NA;NA;NA;NA;NA;NA;NA;0;1;0;1
2020-07-08;Laakdal 29b;2020;7;8;NA;NA;NA;NA;NA;NA;NA;NA;NA;NA;0;1;0;1
2020-07-08;Laakdal 30;2020;7;8;NA;NA;NA;NA;NA;1;NA;NA;1;NA;0;1;0;1
2020-07-08;Laakdal 30a;2020;7;8;NA;NA;NA;NA;NA;NA;NA;NA;NA;NA;0;2;0;2
2020-07-08;Laakdal 30b;2020;7;8;NA;NA;NA;NA;NA;3;1;NA;4;NA;0;3;0;1
2020-07-08;Laakdal 30c;2020;7;8;NA;NA;NA;NA;NA;2;NA;NA;2;NA;0;2;0;1
2020-07-09;Kasterlee 14;2020;7;9;NA;NA;NA;NA;NA;NA;NA;NA;NA;NA;0;2;0;1
2020-07-09;Kasterlee 2;2020;7;9;NA;NA;NA;NA;NA;NA;NA;NA;NA;NA;0;2;0;1
2020-07-09;Kasterlee 3;2020;7;9;NA;NA;NA;NA;NA;NA;NA;NA;NA;NA;0;2;0;1
2020-07-09;Laakdal 10;2020;7;9;NA;NA;NA;NA;NA;6;NA;NA;6;NA;0;2;0;1
2020-07-09;Laakdal 3;2020;7;9;NA;NA;NA;NA;NA;NA;NA;NA;NA;NA;0;5;0;2
2020-07-09;Laakdal 30;2020;7;9;NA;NA;NA;NA;NA;NA;NA;NA;NA;NA;0;1;0;1
2020-07-09;Laakdal 9;2020;7;9;NA;NA;NA;NA;NA;20;NA;NA;20;NA;0;4;0;1
2020-07-09;Retiebaan 1;2020;7;9;NA;NA;NA;NA;NA;NA;NA;NA;NA;NA;0;2;0;1
2020-07-09;Retiebaan 2;2020;7;9;NA;NA;NA;NA;NA;NA;NA;NA;NA;NA;0;2;0;1
2020-07-10;Laakdal 10;2020;7;10;NA;NA;NA;NA;NA;6;NA;NA;6;NA;0;2;0;1
2020-07-10;Laakdal 3;2020;7;10;NA;NA;NA;NA;NA;6;NA;NA;6;NA;0;5;0;2
2020-07-10;Laakdal 30;2020;7;10;NA;NA;NA;NA;NA;1;NA;NA;1;NA;0;1;0;1
2020-07-10;Laakdal 9;2020;7;10;1;NA;NA;NA;2;19;NA;NA;22;1;0;4;0;1
2020-07-14;Arendonk-visput;2020;7;14;NA;NA;NA;NA;NA;NA;NA;NA;NA;NA;0;2;0;1
2020-07-14;Arendonk 1;2020;7;14;NA;NA;NA;NA;NA;NA;NA;NA;NA;NA;0;2;0;1
2020-07-14;Arendonk 2;2020;7;14;NA;NA;NA;NA;NA;NA;NA;NA;NA;NA;0;2;0;1
2020-07-14;Arendonk 2b;2020;7;14;NA;NA;NA;NA;NA;NA;NA;NA;NA;NA;0;1;0;1
2020-07-14;Arendonk 3;2020;7;14;NA;NA;NA;NA;NA;NA;NA;NA;NA;NA;0;2;0;1
2020-07-14;Arendonk 4;2020;7;14;NA;NA;NA;NA;NA;NA;NA;NA;NA;NA;0;1;0;1
2020-07-14;Bospoel;2020;7;14;NA;NA;NA;NA;NA;NA;NA;NA;NA;NA;0;1;0;1
2020-07-14;Driehoek;2020;7;14;NA;NA;NA;NA;NA;NA;NA;NA;NA;NA;0;1;0;1
2020-07-14;Laakdal 2;2020;7;14;NA;NA;NA;NA;NA;NA;NA;NA;NA;NA;0;4;0;1
2020-07-14;Laakdal 31;2020;7;14;NA;NA;NA;NA;NA;NA;NA;NA;NA;NA;0;4;0;2
2020-07-14;Laakdal 6;2020;7;14;NA;NA;NA;NA;3;1;NA;NA;4;NA;0;1;0;1
2020-07-14;Laakdal 8;2020;7;14;NA;NA;NA;NA;NA;NA;NA;NA;NA;NA;0;2;0;1
2020-07-14;Natuurpuntpoel;2020;7;14;NA;NA;NA;NA;NA;NA;NA;NA;NA;NA;0;1;0;1
2020-07-14;Rechthoekigevijver 1;2020;7;14;NA;NA;NA;NA;NA;NA;NA;NA;NA;NA;0;1;0;1
2020-07-14;Rechthoekigevijver 2;2020;7;14;NA;NA;NA;NA;NA;NA;NA;NA;NA;NA;0;1;0;1
2020-07-15;Laakdal 2;2020;7;15;NA;NA;NA;NA;NA;NA;NA;NA;NA;NA;0;4;0;1
2020-07-15;Laakdal 31;2020;7;15;NA;NA;NA;NA;NA;NA;NA;0;0;NA;0;2;0;1
2020-07-15;Laakdal 6;2020;7;15;NA;4;NA;NA;NA;NA;NA;2;6;4;4;1;4;1
2020-07-15;Laakdal 8;2020;7;15;NA;NA;NA;NA;NA;NA;NA;NA;NA;NA;0;2;0;1
2020-07-16;Laakdal 2;2020;7;16;NA;NA;NA;NA;NA;2;NA;NA;2;NA;0;4;0;1
2020-07-16;Laakdal 31;2020;7;16;NA;NA;NA;NA;NA;NA;NA;NA;NA;NA;0;2;0;1
2020-07-16;Laakdal 6;2020;7;16;NA;NA;NA;NA;NA;3;NA;NA;3;NA;0;1;0;1
2020-07-16;Laakdal 8;2020;7;16;NA;NA;NA;NA;NA;NA;NA;NA;NA;NA;0;2;0;1
2020-07-17;Laakdal 2;2020;7;17;NA;NA;NA;NA;NA;NA;NA;NA;NA;NA;0;4;0;1
2020-07-17;Laakdal 31;2020;7;17;NA;NA;NA;NA;NA;NA;NA;NA;NA;NA;0;2;0;1
2020-07-17;Laakdal 6;2020;7;17;NA;NA;NA;NA;NA;5;NA;NA;5;NA;0;1;0;1
2020-07-17;Laakdal 8;2020;7;17;NA;NA;NA;NA;NA;NA;NA;NA;NA;NA;0;2;0;1
2020-07-23;Griesbroek 5;2020;7;23;NA;NA;NA;1881;219;NA;NA;NA;2366;2146;2146;4;728.6666666666666;2
2020-07-28;Laakdal 26;2020;7;28;NA;NA;NA;NA;NA;NA;NA;NA;NA;NA;0;1;0;1
2020-07-28;Scheps 14;2020;7;28;NA;NA;NA;NA;NA;NA;NA;NA;NA;NA;0;1;0;1
2020-07-29;Laakdal 26;2020;7;29;NA;NA;NA;NA;NA;1;NA;NA;1;NA;0;1;0;1
2020-07-29;Nijlen L9;2020;7;29;NA;NA;NA;NA;NA;NA;NA;NA;NA;NA;0;12;0;2
2020-07-29;Scheps 1;2020;7;29;NA;NA;NA;NA;NA;1;1;NA;2;NA;0;1;0;1
2020-07-29;Scheps 14;2020;7;29;NA;NA;NA;NA;NA;NA;NA;NA;NA;NA;0;1;0;1
2020-07-29;Scheps 3;2020;7;29;NA;NA;NA;NA;NA;0;1;NA;1;NA;0;4;0;1
2020-07-30;Laakdal 26;2020;7;30;NA;NA;NA;NA;NA;NA;NA;NA;NA;NA;0;1;0;1
2020-07-30;Nijlen L9;2020;7;30;NA;NA;NA;NA;NA;NA;NA;NA;NA;NA;0;12;0;2
2020-07-30;Scheps 1;2020;7;30;NA;NA;NA;NA;NA;NA;NA;NA;NA;NA;0;1;0;1
2020-07-30;Scheps 14;2020;7;30;NA;NA;NA;NA;NA;NA;NA;NA;NA;NA;0;1;0;1
2020-07-30;Scheps 3;2020;7;30;NA;NA;NA;NA;NA;NA;NA;NA;NA;NA;0;4;0;1
2020-07-31;Laakdal 26;2020;7;31;NA;NA;NA;NA;NA;1;NA;NA;1;NA;0;1;0;1
2020-07-31;Nijlen L9;2020;7;31;NA;NA;NA;NA;NA;NA;NA;NA;NA;NA;0;12;0;2
2020-07-31;Scheps 1;2020;7;31;NA;NA;NA;NA;NA;NA;NA;NA;NA;NA;0;1;0;1
2020-07-31;Scheps 14;2020;7;31;NA;NA;NA;NA;NA;NA;NA;NA;NA;NA;0;1;0;1
2020-07-31;Scheps 3;2020;7;31;NA;NA;NA;NA;NA;NA;NA;NA;NA;NA;0;4;0;1
2020-08-01;Nijlen L9;2020;8;1;NA;NA;NA;NA;NA;NA;NA;NA;NA;NA;0;12;0;2
2020-08-04;Scheps 14;2020;8;4;NA;NA;NA;NA;NA;NA;NA;NA;NA;NA;0;2;0;1
2020-08-04;Scheps 18;2020;8;4;NA;NA;NA;NA;NA;NA;NA;NA;NA;NA;0;4;0;2
2020-08-04;Scheps 19b;2020;8;4;NA;NA;NA;NA;NA;1;2;NA;3;NA;0;3;0;1
2020-08-05;Scheps 12;2020;8;5;NA;NA;NA;0;NA;1;NA;NA;1;0;0;2;0;1
2020-08-05;Scheps 18;2020;8;5;NA;NA;NA;NA;NA;NA;NA;NA;NA;NA;0;4;0;2
2020-08-05;Scheps 19b;2020;8;5;NA;NA;NA;NA;NA;3;NA;1;4;NA;0;3;0;1
2020-08-06;Scheps 12;2020;8;6;NA;NA;NA;NA;NA;NA;1;NA;1;NA;0;2;0;1
2020-08-06;Scheps 18;2020;8;6;NA;NA;NA;NA;NA;NA;NA;NA;NA;NA;0;4;0;2
2020-08-06;Scheps 19b;2020;8;6;NA;NA;NA;NA;NA;NA;1;1;2;NA;0;3;0;1
2020-08-07;Scheps 12;2020;8;7;NA;NA;NA;NA;NA;NA;NA;1;1;NA;0;2;0;1
2020-08-07;Scheps 18;2020;8;7;NA;NA;NA;NA;NA;NA;NA;NA;NA;NA;0;4;0;2
2020-08-07;Scheps 19b;2020;8;7;NA;NA;NA;NA;NA;NA;1;NA;1;NA;0;3;0;1
2020-08-11;Kasterlee 1;2020;8;11;NA;NA;NA;NA;NA;NA;NA;NA;NA;NA;0;1;0;1
2020-08-11;Kasterlee 12;2020;8;11;NA;NA;NA;NA;NA;NA;NA;NA;NA;NA;0;1;0;1
2020-08-11;Kasterlee 13;2020;8;11;NA;NA;NA;NA;NA;NA;NA;NA;NA;NA;0;1;0;1
2020-08-11;Kasterlee 14;2020;8;11;NA;NA;NA;NA;NA;NA;NA;NA;NA;NA;0;2;0;1
2020-08-11;Kasterlee 2;2020;8;11;NA;NA;NA;NA;NA;NA;NA;NA;NA;NA;0;2;0;1
2020-08-11;Kasterlee 3;2020;8;11;NA;NA;NA;NA;NA;NA;NA;NA;NA;NA;0;2;0;1
2020-08-11;Scheps 10;2020;8;11;NA;NA;NA;2;0;3;NA;NA;5;2;2;2;1;1
2020-08-11;Scheps 2;2020;8;11;NA;642;93;45;4;NA;NA;NA;784;780;780;4;195;1
2020-08-11;Scheps 25;2020;8;11;NA;NA;NA;NA;NA;NA;NA;NA;NA;NA;0;3;0;1
2020-08-12;Scheps 10;2020;8;12;NA;NA;NA;NA;NA;NA;NA;2;2;NA;0;2;0;1
2020-08-12;Scheps 2;2020;8;12;NA;453;62;34;15;NA;NA;NA;564;549;549;4;137.25;1
2020-08-12;Scheps 25;2020;8;12;NA;NA;NA;NA;NA;NA;NA;NA;NA;NA;0;3;0;1
2020-08-13;Retiebaan 1;2020;8;13;NA;NA;NA;NA;NA;NA;NA;NA;NA;NA;0;1;0;1
2020-08-13;Retiebaan 2;2020;8;13;NA;NA;NA;NA;NA;NA;NA;NA;NA;NA;0;2;0;1
2020-08-13;Retiebaan 3;2020;8;13;NA;NA;NA;NA;NA;NA;NA;NA;NA;NA;0;1;0;1
2020-08-13;Scheps 10;2020;8;13;NA;NA;NA;NA;NA;NA;NA;NA;NA;NA;0;2;0;1
2020-08-13;Scheps 25;2020;8;13;NA;NA;NA;NA;NA;NA;NA;NA;NA;NA;343;7;85.75;2
2020-08-13;Watermolen;2020;8;13;NA;NA;NA;NA;NA;NA;NA;NA;NA;NA;0;1;0;1
2020-08-14;Scheps 10;2020;8;14;NA;NA;NA;NA;NA;NA;1;NA;1;NA;0;2;0;1
2020-08-14;Scheps 2;2020;8;14;27;272;34;24;7;1;2;NA;367;357;330;4;82.5;1
2020-08-14;Scheps 25;2020;8;14;NA;NA;NA;NA;NA;NA;NA;NA;NA;NA;0;3;0;1
2020-08-15;Scheps 2;2020;8;15;94;222;42;23;16;NA;NA;1;398;381;287;4;71.75;1
2020-08-15;Scheps 20;2020;8;15;NA;1355;10;18;3;4;2;3;1395;1383;1383;4;345.75;1
2020-08-15;Scheps 3;2020;8;15;NA;NA;NA;NA;NA;NA;NA;NA;NA;NA;0;4;0;1
2020-08-16;Scheps 2;2020;8;16;42;414;45;10;7;2;1;NA;521;511;469;4;117.25;1
2020-08-16;Scheps 20;2020;8;16;121;1675;2;13;5;NA;6;3;1825;1811;1690;4;422.5;1
2020-08-19;Nijlen B10;2020;8;19;NA;NA;NA;113;15;9;NA;1;138;113;113;2;56.5;1
2020-08-19;Nijlen B11;2020;8;19;NA;NA;2;30;3;NA;NA;NA;35;32;32;2;16;1
2020-08-19;Nijlen B12;2020;8;19;NA;NA;NA;NA;NA;NA;NA;NA;NA;NA;0;2;0;1
2020-08-19;Nijlen B13;2020;8;19;NA;NA;NA;NA;NA;1;NA;NA;1;NA;0;2;0;1
2020-08-19;Nijlen B6;2020;8;19;NA;NA;NA;NA;NA;NA;NA;NA;NA;NA;0;2;0;1
2020-08-19;Nijlen B7;2020;8;19;NA;NA;NA;NA;NA;1;NA;NA;1;NA;0;1;0;1
2020-08-19;Nijlen B9;2020;8;19;NA;NA;NA;1;NA;NA;NA;NA;1;1;1;1;1;1
2020-08-19;Scheps 20;2020;8;19;4;3308;2;15;1;1;3;2;3336;3329;3325;4;831.25;1
2020-08-20;Nijlen B1;2020;8;20;NA;NA;NA;NA;NA;NA;NA;NA;NA;NA;0;1;0;1
2020-08-20;Nijlen B2;2020;8;20;NA;NA;NA;NA;NA;NA;NA;NA;NA;NA;0;6;0;1
2020-08-20;Nijlen B3b;2020;8;20;NA;NA;NA;NA;NA;NA;NA;NA;NA;NA;0;1;0;1
2020-08-20;Nijlen B4;2020;8;20;NA;NA;NA;NA;NA;NA;NA;1;1;NA;0;2;0;1
2020-08-20;Nijlen B5;2020;8;20;NA;NA;NA;NA;NA;NA;NA;1;1;NA;0;2;0;1
2020-08-20;Scheps 20;2020;8;20;10;1162;1;1;1;NA;2;2;1179;1174;1164;4;291;1
2020-08-21;Nijlen D3;2020;8;21;NA;NA;NA;NA;NA;NA;NA;NA;NA;NA;0;4;0;1
2020-08-21;Nijlen D5;2020;8;21;NA;NA;NA;NA;NA;NA;NA;NA;NA;NA;0;8;0;1
2020-08-26;Griesbroek 6;2020;8;26;NA;840;133;181;109;NA;2;3;1268;1154;1154;3;384.6666666666667;1
2020-08-26;Scheps 20;2020;8;26;21;3110;1;4;5;6;5;1;3153;3136;3115;6;519.1666666666666;1
2020-08-26;Scheps 9;2020;8;26;NA;NA;5;5;2;NA;NA;NA;12;10;10;2;5;1
2020-08-27;Griesbroek 6;2020;8;27;NA;459;404;216;106;1;3;1;1190;1079;1079;3;359.6666666666667;1
2020-08-27;Scheps 20;2020;8;27;141;1696;1;5;3;7;2;1;1856;1843;1702;6;283.6666666666667;1
2020-08-27;Scheps 9;2020;8;27;NA;NA;20;51;17;NA;NA;NA;88;71;71;4;35.5;2
2020-09-08;Arendonk-visput;2020;9;8;NA;NA;NA;NA;NA;NA;NA;NA;NA;NA;0;2;0;1
2020-09-08;Arendonk 1;2020;9;8;NA;NA;NA;NA;NA;NA;NA;NA;NA;NA;0;2;0;1
2020-09-08;Arendonk 2;2020;9;8;21;547;NA;NA;NA;NA;NA;NA;568;568;547;2;273.5;1
2020-09-08;Arendonk 3;2020;9;8;NA;NA;NA;NA;NA;NA;NA;NA;NA;NA;0;2;0;1
2020-09-08;Arendonk 4;2020;9;8;NA;NA;NA;NA;NA;NA;NA;NA;NA;NA;0;2;0;1
2020-09-09;Arendonk 2;2020;9;9;214;200;NA;NA;NA;NA;NA;NA;414;414;200;2;100;1
2020-09-10;Kasterlee 12;2020;9;10;NA;NA;NA;NA;NA;NA;NA;NA;NA;NA;0;1;0;1
2020-09-10;Kasterlee 13;2020;9;10;NA;NA;NA;NA;NA;NA;NA;NA;NA;NA;0;1;0;1
2020-09-10;Kasterlee 14;2020;9;10;NA;NA;NA;NA;NA;NA;NA;NA;NA;NA;0;2;0;1
2020-09-10;Retiebaan 1;2020;9;10;NA;NA;NA;NA;NA;NA;NA;NA;NA;NA;0;2;0;1
2020-09-10;Retiebaan 2;2020;9;10;NA;NA;NA;NA;NA;NA;NA;NA;NA;NA;0;1;0;1
2020-09-10;Retiebaan 3;2020;9;10;NA;NA;NA;NA;NA;NA;NA;NA;NA;NA;0;1;0;1
2020-09-14;Kasterlee 1;2020;9;14;NA;NA;NA;NA;NA;NA;NA;NA;NA;NA;0;2;0;1
2020-09-14;Kasterlee 2;2020;9;14;NA;NA;NA;NA;NA;NA;NA;NA;NA;NA;0;2;0;1
2020-09-14;Kasterlee 3;2020;9;14;NA;NA;NA;NA;NA;NA;NA;NA;NA;NA;0;2;0;1
2020-09-14;Kasterlee 7;2020;9;14;NA;NA;NA;NA;NA;NA;NA;NA;NA;NA;0;2;0;1
2020-09-23;Arendonk 2;2020;9;23;46;1051;NA;NA;NA;NA;NA;NA;1097;1097;1051;10;105.1;1
2020-09-23;Nijlen H1;2020;9;23;NA;NA;NA;NA;NA;NA;NA;NA;NA;NA;0;14;0;2
2020-09-24;Arendonk 2;2020;9;24;24;1018;NA;NA;NA;NA;NA;NA;1042;1042;1018;10;101.8;1
2020-09-24;Nijlen H1;2020;9;24;NA;NA;NA;NA;NA;NA;NA;NA;NA;NA;0;14;0;2
2020-09-25;Arendonk 2;2020;9;25;18;814;NA;NA;NA;NA;NA;NA;832;832;814;10;81.4;1
2020-09-25;Nijlen H1;2020;9;25;NA;NA;NA;NA;NA;NA;NA;NA;NA;NA;0;14;0;2
2020-09-26;Nijlen H1;2020;9;26;NA;NA;NA;NA;NA;NA;NA;NA;NA;NA;0;14;0;2
2020-10-28;Nijlen B10;2020;10;28;NA;NA;NA;4;NA;7;NA;NA;11;4;4;6;0.6666666666666666;1
2020-10-28;Nijlen B11;2020;10;28;NA;NA;NA;NA;NA;NA;NA;NA;NA;NA;0;6;0;1
2020-10-29;Nijlen B10;2020;10;29;NA;NA;NA;3;NA;12;NA;NA;15;3;3;6;0.5;1
2020-10-29;Nijlen B11;2020;10;29;NA;NA;NA;NA;NA;NA;2;NA;2;NA;0;6;0;1
